image_id,dataset,model,theme,tamper_type,infer_time_sec,peak_vram_mb,is_clean,P_05,R_05,F1_05,IoU_05,PR_AUC,FP_image,area_ratio_05,pred_pixels_05,gt_area_ratio,tau_star,oracle_F1,calibration_gap
000000000,DocTamper,TruFor,Light,Authentic,0.0020093917846679688,3.0,True,,,,,,1.0,,131428,0.0,,,
000000000,DocTamper,CAFTB-Net,Light,Authentic,0.0019998550415039062,3.0,True,,,,,,1.0,,130956,0.0,,,
000000000,DocTamper,ADCD-Net,Light,Authentic,0.0010004043579101562,3.0,True,,,,,,1.0,,131346,0.0,,,
000000001,DocTamper,TruFor,Dark,Authentic,0.0010018348693847656,3.0,True,,,,,,1.0,,131007,0.0,,,
000000001,DocTamper,CAFTB-Net,Dark,Authentic,0.0015027523040771484,3.0,True,,,,,,1.0,,131014,0.0,,,
000000001,DocTamper,ADCD-Net,Dark,Authentic,0.002003908157348633,3.0,True,,,,,,1.0,,131203,0.0,,,
000000002,DocTamper,TruFor,Light,BoxPatch,0.002006053924560547,3.0,False,0.010489004078210162,0.5153558052434457,0.020559560718688134,0.010386551830856211,0.010524308033421949,,49.13295880149813,131185,0.01018524169921875,0.8981028640105636,0.02095238095238095,0.00039282023369281716
000000002,DocTamper,CAFTB-Net,Light,BoxPatch,0.0020084381103515625,3.0,False,0.010364753722444737,0.5078651685393258,0.02031491108481026,0.010261688183923355,0.010334962217436445,,48.99925093632959,130828,0.01018524169921875,0.8642050938946787,0.020692378570488352,0.0003774674856780909
000000002,DocTamper,ADCD-Net,Light,BoxPatch,0.0010027885437011719,3.0,False,0.01005121003747262,0.49325842696629213,0.019700970089529465,0.009948482422081552,0.010028839119940436,,49.074531835205995,131029,0.01018524169921875,0.09644161614985536,0.020282993265445012,0.000582023175915547
000000003,DocTamper,TruFor,Light,Authentic,0.0019979476928710938,3.0,True,,,,,,1.0,,131198,0.0,,,
000000003,DocTamper,CAFTB-Net,Light,Authentic,0.0020058155059814453,3.0,True,,,,,,1.0,,130962,0.0,,,
000000003,DocTamper,ADCD-Net,Light,Authentic,0.0019974708557128906,3.0,True,,,,,,1.0,,130938,0.0,,,
000000004,DocTamper,TruFor,Light,BoxPatch,0.0019998550415039062,3.0,False,0.0029529136177388463,0.5125827814569537,0.005871999514459989,0.002944645234924862,0.002920034092387123,,173.58543046357616,131057,0.002880096435546875,0.9538333464999577,0.006633755013884603,0.0007617554994246148
000000004,DocTamper,CAFTB-Net,Light,BoxPatch,0.0019958019256591797,3.0,False,0.002850609756097561,0.495364238410596,0.005668599143647456,0.0028423556592517157,0.0028146905732009705,,173.7748344370861,131200,0.002880096435546875,0.9896399233136453,0.006434630008774495,0.0007660308651270395
000000004,DocTamper,ADCD-Net,Light,BoxPatch,0.0020072460174560547,3.0,False,0.002882547623042079,0.5006622516556292,0.00573209289629916,0.0028742842804023996,0.0028352228159576496,,173.68741721854303,131134,0.002880096435546875,0.9959027469044988,0.007621121393576483,0.0018890284972773227
000000005,DocTamper,TruFor,Light,BoxPatch,0.0010001659393310547,3.0,False,0.008138600986728878,0.5152542372881356,0.016024096385542166,0.008076759579765593,0.00812487205694836,,63.30992736077482,130735,0.007877349853515625,0.7689629715463406,0.0166900689303038,0.0006659725447616359
000000005,DocTamper,CAFTB-Net,Light,BoxPatch,0.001928091049194336,3.0,False,0.007722596990323861,0.49007263922518157,0.015205583394060508,0.007661036965260377,0.008074718352775968,,63.45956416464891,131044,0.007877349853515625,0.963306164376945,0.017193947730398902,0.001988364336338394
000000005,DocTamper,ADCD-Net,Light,BoxPatch,0.0019996166229248047,3.0,False,0.008049195461932265,0.5108958837772397,0.015848693797226858,0.007987643758659591,0.007985992953847868,,63.471670702179175,131069,0.007877349853515625,0.6893407443313133,0.01620375927215114,0.0003550654749242821
000000006,DocTamper,TruFor,Light,BoxPatch,0.002000093460083008,3.0,False,0.02789711032940871,0.49782135076252726,0.0528335151773521,0.02713353767598578,0.02762791238979591,,17.84490740740741,131053,0.02801513671875,0.00033878884349003435,0.05451393657734438,0.0016804213999922768
000000006,DocTamper,CAFTB-Net,Light,BoxPatch,0.0009992122650146484,3.0,False,0.027754959230862845,0.4968681917211329,0.05257319041032734,0.0269962342879549,0.028525096685448843,,17.901960784313726,131472,0.02801513671875,0.00284467143793532,0.05455161046682517,0.001978420056497829
000000006,DocTamper,ADCD-Net,Light,BoxPatch,0.0019948482513427734,3.0,False,0.028026820215966888,0.4997276688453159,0.05307686745245499,0.027261922448373197,0.027918704251828377,,17.830337690631808,130946,0.02801513671875,0.00832782445679825,0.05461966382719236,0.0015427963747373721
000000007,DocTamper,TruFor,Light,Authentic,0.0019996166229248047,3.0,True,,,,,,1.0,,131403,0.0,,,
000000007,DocTamper,CAFTB-Net,Light,Authentic,0.0019991397857666016,3.0,True,,,,,,1.0,,130977,0.0,,,
000000007,DocTamper,ADCD-Net,Light,Authentic,0.002012968063354492,3.0,True,,,,,,1.0,,130998,0.0,,,
000000008,DocTamper,TruFor,Light,BoxPatch,0.0025043487548828125,3.0,False,0.011637022322685724,0.4924315619967794,0.02273673566500119,0.011499093760105892,0.011741010546691208,,42.31594202898551,131391,0.011844635009765625,0.12499619786415295,0.023626616914353513,0.0008898812493523221
000000008,DocTamper,CAFTB-Net,Light,BoxPatch,0.001997709274291992,3.0,False,0.012269563689425713,0.5172302737520129,0.023970507022492874,0.012130642334884282,0.012251239744697167,,42.15555555555556,130893,0.011844635009765625,0.7971008065495764,0.024470254455182198,0.0004997474326893236
000000008,DocTamper,ADCD-Net,Light,BoxPatch,0.0015010833740234375,3.0,False,0.011901226671539849,0.5033816425120773,0.02325270016959743,0.011763112144679505,0.012010896842177772,,42.29661835748792,131331,0.011844635009765625,0.5682784941201817,0.0235477998007626,0.0002950996311651688
000000009,DocTamper,TruFor,Light,BoxPatch,0.0020089149475097656,3.0,False,0.011306188329881837,0.4976541554959786,0.022110058960157226,0.011178609335832524,0.011277165433455425,,44.016085790884716,131344,0.011383056640625,0.5495553077003813,0.022575891056093925,0.0004658320959366989
000000009,DocTamper,CAFTB-Net,Light,BoxPatch,0.001999378204345703,3.0,False,0.011564879967676274,0.5083780160857909,0.022615294021184135,0.011436972255729795,0.011681269914854946,,43.958780160857906,131173,0.011383056640625,0.7472587392401006,0.02304160855416085,0.0004263145329767154
000000009,DocTamper,ADCD-Net,Light,BoxPatch,0.0025119781494140625,3.0,False,0.011477892878074028,0.5053619302949062,0.022445987482045446,0.011350378973197149,0.011511758466936686,,44.02915549597855,131383,0.011383056640625,0.382354660558336,0.022860048795549072,0.00041406131350362613
000000010,DocTamper,TruFor,Light,BoxPatch,0.0020051002502441406,3.0,False,0.0011507830659604466,0.5551470588235294,0.0022968050073391287,0.0011497228482670403,0.001237920973687256,,482.40808823529414,131215,0.00103759765625,0.9995687615186255,0.010554089709762533,0.008257284702423404
000000010,DocTamper,CAFTB-Net,Light,BoxPatch,0.0019974708557128906,3.0,False,0.001059015344294269,0.5110294117647058,0.0021136505329744687,0.0010579433277264874,0.001101463831876078,,482.5514705882353,131254,0.00103759765625,0.9952467312005777,0.00392156862745098,0.0018079180944765116
000000010,DocTamper,ADCD-Net,Light,BoxPatch,0.0019989013671875,3.0,False,0.001090637298270234,0.5257352941176471,0.002176758912533869,0.0010895653167739723,0.0011152247344716185,,482.04411764705884,131116,0.00103759765625,0.9920633704685698,0.004995836802664447,0.002819077890130578
000000011,DocTamper,TruFor,Light,Authentic,0.0009999275207519531,3.0,True,,,,,,1.0,,131106,0.0,,,
000000011,DocTamper,CAFTB-Net,Light,Authentic,0.0010008811950683594,3.0,True,,,,,,1.0,,131643,0.0,,,
000000011,DocTamper,ADCD-Net,Light,Authentic,0.002042055130004883,3.0,True,,,,,,1.0,,131337,0.0,,,
000000012,DocTamper,TruFor,Dark,Authentic,0.002779245376586914,3.0,True,,,,,,1.0,,131161,0.0,,,
000000012,DocTamper,CAFTB-Net,Dark,Authentic,0.0020873546600341797,3.0,True,,,,,,1.0,,131055,0.0,,,
000000012,DocTamper,ADCD-Net,Dark,Authentic,0.002094745635986328,3.0,True,,,,,,1.0,,130634,0.0,,,
000000013,DocTamper,TruFor,Dark,Authentic,0.0020923614501953125,3.0,True,,,,,,1.0,,131192,0.0,,,
000000013,DocTamper,CAFTB-Net,Dark,Authentic,0.0015120506286621094,3.0,True,,,,,,1.0,,130599,0.0,,,
000000013,DocTamper,ADCD-Net,Dark,Authentic,0.002518177032470703,3.0,True,,,,,,1.0,,131134,0.0,,,
000000014,DocTamper,TruFor,Light,BoxPatch,0.004525899887084961,3.0,False,0.009013527891776866,0.5140875596012137,0.017716432513985674,0.008937385550975502,0.009165598771841966,,57.03511053315995,131580,0.008800506591796875,0.7872108303723178,0.01833978494623656,0.000623352432250885
000000014,DocTamper,CAFTB-Net,Light,BoxPatch,0.001997232437133789,3.0,False,0.00869764248111696,0.494148244473342,0.017094401583481408,0.008620885228793757,0.008889229045418126,,56.814044213263976,131070,0.008800506591796875,0.3605663738120738,0.017572400993733372,0.00047799941025196413
000000014,DocTamper,ADCD-Net,Light,BoxPatch,0.002004384994506836,3.0,False,0.008831739349288428,0.5019505851755527,0.01735806632939854,0.008755018258522535,0.008789632317751744,,56.83485045513654,131118,0.008800506591796875,0.5550570946013508,0.01765551566716831,0.00029744933776976873
000000015,DocTamper,TruFor,Light,BoxPatch,0.0035085678100585938,3.0,False,0.024236334711089796,0.508382564266326,0.04626696503821675,0.02368131377740755,0.024519390123147803,,20.976049816381927,131373,0.023891448974609375,0.19337766149081537,0.047046187881819974,0.000779222843603225
000000015,DocTamper,CAFTB-Net,Light,BoxPatch,0.0020036697387695312,3.0,False,0.023437142377588233,0.4904997604981638,0.04473666965202386,0.02288012512568428,0.023722267989082724,,20.928309117036562,131074,0.023891448974609375,0.023650173853054235,0.04675172066476414,0.002015051012740285
000000015,DocTamper,ADCD-Net,Light,BoxPatch,0.0015108585357666016,3.0,False,0.023962853010580803,0.5026345201979882,0.04574484316987932,0.023407814997955162,0.023976645491481104,,20.975570812709563,131370,0.023891448974609375,0.02175130660649427,0.046727121831623995,0.000982278661744676
000000016,DocTamper,TruFor,Light,Authentic,0.002012014389038086,3.0,True,,,,,,1.0,,131399,0.0,,,
000000016,DocTamper,CAFTB-Net,Light,Authentic,0.002000570297241211,3.0,True,,,,,,1.0,,130928,0.0,,,
000000016,DocTamper,ADCD-Net,Light,Authentic,0.002000570297241211,3.0,True,,,,,,1.0,,131324,0.0,,,
000000017,DocTamper,TruFor,Light,BoxPatch,0.002507448196411133,3.0,False,0.003500654470183556,0.5293440736478712,0.006955312119631368,0.003489792357354737,0.0033990027833703616,,151.21288837744535,131404,0.003314971923828125,0.9666398001733325,0.0074673304293715005,0.0005120183097401323
000000017,DocTamper,CAFTB-Net,Light,BoxPatch,0.002505779266357422,3.0,False,0.003102979165711316,0.4672036823935558,0.006165012793160783,0.0030920376223296906,0.0032509437609636663,,150.566168009206,130842,0.003314971923828125,0.9362270771141185,0.007617964752700399,0.0014529519595396162
000000017,DocTamper,ADCD-Net,Light,BoxPatch,0.0019991397857666016,3.0,False,0.0034458048088798084,0.520138089758343,0.00684625462917383,0.003434885364500612,0.003582655963911726,,150.9482163406214,131174,0.003314971923828125,0.9517819191509438,0.008385435821993378,0.0015391811928195482
000000018,DocTamper,TruFor,Light,BoxPatch,0.0025081634521484375,3.0,False,0.0041986655877368426,0.5092592592592593,0.008328664233687175,0.004181746297253733,0.0041986172814288914,,121.29074074074074,130994,0.004119873046875,0.8173650873644283,0.009083688058819935,0.0007550238251327595
000000018,DocTamper,CAFTB-Net,Light,BoxPatch,0.002002239227294922,3.0,False,0.0041835254599587755,0.5074074074074074,0.008298629514651322,0.004166603305910798,0.0041948365310592595,,121.28703703703704,130990,0.004119873046875,0.8750444321728169,0.008926180487369454,0.0006275509727181328
000000018,DocTamper,ADCD-Net,Light,BoxPatch,0.002000093460083008,3.0,False,0.0040579533601833315,0.4935185185185185,0.00804971795781827,0.004041123932855171,0.004069235676615275,,121.61759259259259,131347,0.004119873046875,0.8884366975475844,0.009118145108766445,0.0010684271509481744
000000019,DocTamper,TruFor,Light,BoxPatch,0.0019986629486083984,3.0,False,0.0016140012697829895,0.482837528604119,0.00321724810929495,0.001611215895293875,0.001560888247996769,,299.15560640732264,130731,0.001667022705078125,0.06886462360530299,0.003369040804644697,0.00015179269534974695
000000019,DocTamper,CAFTB-Net,Light,BoxPatch,0.002501964569091797,3.0,False,0.0017102108751087968,0.5125858123569794,0.0034090476734010577,0.0017074341989923088,0.0017338752251194077,,299.720823798627,130978,0.001667022705078125,0.9997818500021919,0.004016064257028112,0.0006070165836270544
000000019,DocTamper,ADCD-Net,Light,BoxPatch,0.0020020008087158203,3.0,False,0.0016761315801558266,0.5011441647597255,0.0033410885235897634,0.0016733396497447966,0.0016394705814155395,,298.9885583524027,130658,0.001667022705078125,0.9174398124368959,0.0036873819588092455,0.0003462934352194821
000000020,DocTamper,TruFor,Dark,BoxPatch,0.001005411148071289,3.0,False,0.018585775524033593,0.49473044183218484,0.03582567090576865,0.018239557647762087,0.01877306335784163,,26.61876773408999,131337,0.01882171630859375,0.015740692766803233,0.036977051872804416,0.0011513809670357644
000000020,DocTamper,CAFTB-Net,Dark,BoxPatch,0.0010001659393310547,3.0,False,0.01908344419468783,0.5058775841102554,0.036779441235412,0.018734238020895883,0.019242247997677993,,26.50871503850831,130794,0.01882171630859375,0.2509003743019249,0.037058765039276124,0.00027932380386412603
000000020,DocTamper,ADCD-Net,Dark,BoxPatch,0.001998424530029297,3.0,False,0.018770993874728314,0.5006080259424402,0.036185174333431,0.018425960462513987,0.018973116047012673,,26.669233887312526,131586,0.01882171630859375,0.11503181489421799,0.037228507025637785,0.001043332692206786
000000021,DocTamper,TruFor,Light,Authentic,0.001998424530029297,3.0,True,,,,,,1.0,,131107,0.0,,,
000000021,DocTamper,CAFTB-Net,Light,Authentic,0.0030019283294677734,3.0,True,,,,,,1.0,,131082,0.0,,,
000000021,DocTamper,ADCD-Net,Light,Authentic,0.0030059814453125,3.0,True,,,,,,1.0,,131243,0.0,,,
000000022,DocTamper,TruFor,Light,Authentic,0.0020067691802978516,3.0,True,,,,,,1.0,,130811,0.0,,,
000000022,DocTamper,CAFTB-Net,Light,Authentic,0.0025072097778320312,3.0,True,,,,,,1.0,,131128,0.0,,,
000000022,DocTamper,ADCD-Net,Light,Authentic,0.0019981861114501953,3.0,True,,,,,,1.0,,131444,0.0,,,
000000023,DocTamper,TruFor,Light,BoxPatch,0.002000093460083008,3.0,False,0.0022257454722848955,0.4842454394693201,0.004431124094237263,0.0022204816620153152,0.0022769183769922848,,217.56550580431178,131192,0.002300262451171875,0.9850028298026015,0.005359535506922733,0.0009284114126854705
000000023,DocTamper,CAFTB-Net,Light,BoxPatch,0.0015687942504882812,3.0,False,0.0022979204201911624,0.49917081260364843,0.004574780950064974,0.002292634625637901,0.002288597194470776,,217.22719734660032,130988,0.002300262451171875,0.9968723072251724,0.007017543859649124,0.0024427629095841496
000000023,DocTamper,ADCD-Net,Light,BoxPatch,0.00200653076171875,3.0,False,0.0023564401738732556,0.5124378109452736,0.004691307417275853,0.0023511687363038714,0.002423490846404686,,217.46268656716418,131130,0.002300262451171875,0.98086981964115,0.005589519650655022,0.0008982122333791691
000000024,DocTamper,TruFor,Light,Authentic,0.0020110607147216797,3.0,True,,,,,,1.0,,131221,0.0,,,
000000024,DocTamper,CAFTB-Net,Light,Authentic,0.001999378204345703,3.0,True,,,,,,1.0,,131434,0.0,,,
000000024,DocTamper,ADCD-Net,Light,Authentic,0.0019986629486083984,3.0,True,,,,,,1.0,,131300,0.0,,,
000000025,DocTamper,TruFor,Light,BoxPatch,0.0019960403442382812,3.0,False,0.005606321795243398,0.5044612216884008,0.011089401700374925,0.005575615972812234,0.00570304936692266,,89.98078242964996,131102,0.005558013916015625,0.977290454040797,0.012382234185733513,0.0012928324853585874
000000025,DocTamper,CAFTB-Net,Light,BoxPatch,0.0019998550415039062,3.0,False,0.005626266100982304,0.5051475634866164,0.01112858352485787,0.005595426347159713,0.005605771530631326,,89.78380233356211,130815,0.005558013916015625,0.40747736509145793,0.011435864709636248,0.0003072811847783779
000000025,DocTamper,ADCD-Net,Light,BoxPatch,0.0020024776458740234,3.0,False,0.0055425103683825324,0.49897048730267674,0.010963242224316683,0.005511834902727866,0.0055120887361565524,,90.02608098833218,131168,0.005558013916015625,0.2537994231208365,0.011230934828083428,0.00026769260376674486
000000026,DocTamper,TruFor,Dark,BoxPatch,0.001997709274291992,3.0,False,0.06816288790567235,0.5003646154709149,0.11998116887484028,0.06381913143020677,0.06754388345339726,,7.34071913389802,130863,0.06800460815429688,6.383645916585579e-05,0.12735481750834055,0.007373648633500263
000000026,DocTamper,CAFTB-Net,Dark,BoxPatch,0.0009987354278564453,3.0,False,0.0675228881439796,0.4960453245077691,0.11886551515558841,0.06318820696406496,0.06703593304461186,,7.346328602681326,130963,0.06800460815429688,0.0005874475235019272,0.1273707797707755,0.00850526461518708
000000026,DocTamper,ADCD-Net,Dark,BoxPatch,0.002004861831665039,3.0,False,0.06867258535240181,0.5028888764234027,0.12084327442813429,0.06430718246311214,0.06846899425473281,,7.322993212542772,130547,0.06800460815429688,0.00027643118564346647,0.1273691920184355,0.006525917590301203
000000027,DocTamper,TruFor,Light,BoxPatch,0.002000570297241211,3.0,False,0.007261078483715964,0.4842319430315361,0.01430761369443025,0.007205352547606794,0.007175088086067652,,66.68870803662259,131110,0.00749969482421875,0.0705250731104815,0.01492628417724352,0.0006186704828132703
000000027,DocTamper,CAFTB-Net,Light,BoxPatch,0.002003192901611328,3.0,False,0.007647747487494488,0.5116988809766022,0.015070257962069688,0.007592338228856923,0.0076066564427587115,,66.90844354018311,131542,0.00749969482421875,0.5484242101621144,0.01530489574265224,0.0002346377805825528
000000027,DocTamper,ADCD-Net,Light,BoxPatch,0.0020017623901367188,3.0,False,0.007438407844694597,0.49542217700915564,0.014656755048605051,0.007382479118347053,0.0076260417214919305,,66.6032553407935,130942,0.00749969482421875,0.9489943769096088,0.015820095443551025,0.001163340394945974
000000028,DocTamper,TruFor,Light,BoxPatch,0.0015070438385009766,3.0,False,0.010389769133218232,0.4865831842576029,0.020345119041385862,0.010277103972554087,0.010447594288181766,,46.83291592128801,130898,0.010662078857421875,0.13752796113047516,0.021293340912072058,0.0009482218706861958
000000028,DocTamper,CAFTB-Net,Light,BoxPatch,0.0009987354278564453,3.0,False,0.01070008471536401,0.5016100178890877,0.020953206498184156,0.010587524543120374,0.010925625653825854,,46.87906976744186,131027,0.010662078857421875,0.6225080563229854,0.021586753850225963,0.0006335473520418071
000000028,DocTamper,ADCD-Net,Light,BoxPatch,0.001997232437133789,3.0,False,0.010672529077507055,0.5019677996422183,0.020900680799082333,0.01056070334434818,0.01063710288726484,,47.03363148479428,131459,0.010662078857421875,0.6165175034887416,0.021495021090544887,0.0005943402914625542
000000029,DocTamper,TruFor,Light,BoxPatch,0.0020020008087158203,3.0,False,0.010989429143296372,0.5006934812760055,0.02150681769099588,0.010870301643342692,0.011181627050483162,,45.56137309292649,131399,0.0110015869140625,0.8838411167779979,0.022189746189865488,0.0006829284988696081
000000029,DocTamper,CAFTB-Net,Light,BoxPatch,0.0020635128021240234,3.0,False,0.011628968223787287,0.5301664355062413,0.022758733608204455,0.011510347267704028,0.011598076144648547,,45.59015256588072,131482,0.0110015869140625,0.6246029457240121,0.023001363988734827,0.00024263038053037173
000000029,DocTamper,ADCD-Net,Light,BoxPatch,0.002000570297241211,3.0,False,0.011130943717107027,0.5038141470180305,0.02178067920342375,0.01101024490785645,0.010901358232957481,,45.2624826629681,130537,0.0110015869140625,0.5412245667218789,0.021917584659322725,0.0001369054558989745
000000030,DocTamper,TruFor,Light,BoxPatch,0.0020117759704589844,3.0,False,0.0024361277749017935,0.5031446540880503,0.004848778713861446,0.002430281305061061,0.002413747403009096,,206.53459119496856,131356,0.0024261474609375,0.9917168215960672,0.005633802816901407,0.0007850241030399607
000000030,DocTamper,CAFTB-Net,Light,BoxPatch,0.0020036697387695312,3.0,False,0.0025410148798168638,0.5235849056603774,0.0050574852300168584,0.0025351533653589944,0.0024485844088008037,,206.05345911949686,131050,0.0024261474609375,0.34410427424244827,0.00520067180170267,0.00014318657168581155
000000030,DocTamper,ADCD-Net,Light,BoxPatch,0.002001523971557617,3.0,False,0.002480690940912377,0.5125786163522013,0.004937486274242528,0.0024748529132662743,0.0024255347340873855,,206.62735849056602,131415,0.0024261474609375,0.8496332433562107,0.0055252743970730985,0.0005877881228305709
000000031,DocTamper,TruFor,Light,BoxPatch,0.002511262893676758,3.0,False,0.003936857394029737,0.5063913470993117,0.00781297408823351,0.003921807534439562,0.003835483343770194,,128.6283185840708,130815,0.003879547119140625,0.38429982757937275,0.007973135339967343,0.0001601612517338341
000000031,DocTamper,CAFTB-Net,Light,BoxPatch,0.0009982585906982422,3.0,False,0.0038082300506746443,0.49065880039331367,0.007557800513445766,0.0037932345115925504,0.003868096890047891,,128.8416912487709,131032,0.003879547119140625,0.9459442866889871,0.008199388299603046,0.0006415877861572798
000000031,DocTamper,ADCD-Net,Light,BoxPatch,0.0020036697387695312,3.0,False,0.0040724810103413564,0.5250737463126843,0.008082275750902444,0.004057534933552167,0.004112344626572069,,128.93215339233038,131124,0.003879547119140625,0.836241995662039,0.009047317470370035,0.0009650417194675912
000000032,DocTamper,TruFor,Light,BoxPatch,0.0020096302032470703,3.0,False,0.004795578932945627,0.5232558139534884,0.009504054308881765,0.004774716738034787,0.004805302696913612,,109.11212624584718,131371,0.0045928955078125,0.7580817491554251,0.00987045033929673,0.0003663960304149654
000000032,DocTamper,CAFTB-Net,Light,BoxPatch,0.0019998550415039062,3.0,False,0.004936933912233982,0.5373754152823921,0.00978398118814127,0.004916039814603754,0.004756313073325714,,108.84800664451828,131053,0.0045928955078125,0.9355447384343838,0.010012102541533723,0.000228121353392452
000000032,DocTamper,ADCD-Net,Light,BoxPatch,0.0010001659393310547,3.0,False,0.004584671482733105,0.49916943521594687,0.009085892677617106,0.004563678887100204,0.004812875281326659,,108.87790697674419,131089,0.0045928955078125,0.9636701591875263,0.010647240123283833,0.0015613474456667269
000000033,DocTamper,TruFor,Light,Authentic,0.001999378204345703,3.0,True,,,,,,1.0,,130861,0.0,,,
000000033,DocTamper,CAFTB-Net,Light,Authentic,0.00301361083984375,3.0,True,,,,,,1.0,,131045,0.0,,,
000000033,DocTamper,ADCD-Net,Light,Authentic,0.0020020008087158203,3.0,True,,,,,,1.0,,131685,0.0,,,
000000034,DocTamper,TruFor,Light,Authentic,0.0020089149475097656,3.0,True,,,,,,1.0,,130826,0.0,,,
000000034,DocTamper,CAFTB-Net,Light,Authentic,0.0019989013671875,3.0,True,,,,,,1.0,,131172,0.0,,,
000000034,DocTamper,ADCD-Net,Light,Authentic,0.0019991397857666016,3.0,True,,,,,,1.0,,131141,0.0,,,
000000035,DocTamper,TruFor,Light,Authentic,0.0009999275207519531,3.0,True,,,,,,1.0,,130851,0.0,,,
000000035,DocTamper,CAFTB-Net,Light,Authentic,0.0020036697387695312,3.0,True,,,,,,1.0,,131230,0.0,,,
000000035,DocTamper,ADCD-Net,Light,Authentic,0.0020492076873779297,3.0,True,,,,,,1.0,,130914,0.0,,,
000000036,DocTamper,TruFor,Dark,BoxPatch,0.002000570297241211,3.0,False,0.01435454191449885,0.4957805907172996,0.027901247393533734,0.01414799708009422,0.014428290048553128,,34.53823839662447,130969,0.01446533203125,0.32146026322934895,0.028679561267718142,0.0007783138741844081
000000036,DocTamper,CAFTB-Net,Dark,BoxPatch,0.002001523971557617,3.0,False,0.014642602379327008,0.5034282700421941,0.02845749636641449,0.014434127752238084,0.014713997580743,,34.38106540084388,130373,0.01446533203125,0.7194957772766857,0.029012209521090942,0.0005547131546764505
000000036,DocTamper,ADCD-Net,Dark,BoxPatch,0.0020017623901367188,3.0,False,0.014697470082601765,0.508175105485232,0.028568675270379453,0.014491336782577307,0.01451813794465603,,34.57568565400844,131111,0.01446533203125,0.3950938046666703,0.029020496649586128,0.00045182137920667456
000000037,DocTamper,TruFor,Light,BoxPatch,0.0020046234130859375,3.0,False,0.004631527796759449,0.5187074829931972,0.00918107794885688,0.004611709205273981,0.0047023724422300545,,111.99489795918367,131706,0.004486083984375,0.8782535045001459,0.010495696764326627,0.0013146188154697473
000000037,DocTamper,CAFTB-Net,Light,BoxPatch,0.0019991397857666016,3.0,False,0.004509531161624654,0.5017006802721088,0.008938716763881525,0.00448942322325369,0.004582813259156592,,111.25340136054422,130834,0.004486083984375,0.7988067966505901,0.009903570497784727,0.000964853733903202
000000037,DocTamper,ADCD-Net,Light,BoxPatch,0.0019996166229248047,3.0,False,0.004450507159677186,0.4965986394557823,0.008821952159036835,0.004430518992815579,0.0046201543408780485,,111.58248299319727,131221,0.004486083984375,0.9852677084732403,0.01196649381731153,0.003144541658274694
000000038,DocTamper,TruFor,Light,Authentic,0.0021746158599853516,3.0,True,,,,,,1.0,,130947,0.0,,,
000000038,DocTamper,CAFTB-Net,Light,Authentic,0.0019989013671875,3.0,True,,,,,,1.0,,131138,0.0,,,
000000038,DocTamper,ADCD-Net,Light,Authentic,0.0020020008087158203,3.0,True,,,,,,1.0,,131469,0.0,,,
000000039,DocTamper,TruFor,Light,BoxPatch,0.0019991397857666016,3.0,False,0.0012858684587182647,0.48695652173913045,0.0025649638156890284,0.0012841287797719142,0.0012376170698220387,,378.6985507246377,130651,0.001316070556640625,0.04769202135030337,0.002649398882610018,8.443506692098948e-05
000000039,DocTamper,CAFTB-Net,Light,BoxPatch,0.002203702926635742,3.0,False,0.0012438665170974412,0.47246376811594204,0.0024812007184826616,0.001242141360259097,0.001272826467210962,,379.83478260869566,131043,0.001316070556640625,0.794965552588555,0.0029556286252632354,0.00047442790678057373
000000039,DocTamper,ADCD-Net,Light,BoxPatch,0.0019991397857666016,3.0,False,0.0012421224290732852,0.47246376811594204,0.0024777308241875173,0.0012404021033566954,0.0014389889155184967,,380.36811594202896,131227,0.001316070556640625,0.9999689823498479,0.0056657223796034,0.0031879915554158824
000000040,DocTamper,TruFor,Light,Authentic,0.002609729766845703,3.0,True,,,,,,1.0,,131007,0.0,,,
000000040,DocTamper,CAFTB-Net,Light,Authentic,0.0021512508392333984,3.0,True,,,,,,1.0,,130874,0.0,,,
000000040,DocTamper,ADCD-Net,Light,Authentic,0.0028040409088134766,3.0,True,,,,,,1.0,,131232,0.0,,,
000000041,DocTamper,TruFor,Light,BoxPatch,0.0010001659393310547,3.0,False,0.003941059436054976,0.5029182879377432,0.007820831852115179,0.0039257673090649535,0.0038187836305020786,,127.60992217898833,131183,0.0039215087890625,0.5837187617467469,0.007976071784646063,0.00015523993253088383
000000041,DocTamper,CAFTB-Net,Light,BoxPatch,0.0020046234130859375,3.0,False,0.003907499657236872,0.4990272373540856,0.007754281481929349,0.0038922314701709394,0.004021033119482421,,127.71011673151752,131286,0.0039215087890625,0.934535864149552,0.009650710094862095,0.0018964286129327466
000000041,DocTamper,ADCD-Net,Light,BoxPatch,0.0019998550415039062,3.0,False,0.0038315053541852708,0.4883268482490272,0.0076033533514581935,0.0038161845756205103,0.0038543626634162534,,127.45038910505836,131019,0.0039215087890625,0.849191861455127,0.008159833836110974,0.0005564804846527804
000000042,DocTamper,TruFor,Light,BoxPatch,0.001997232437133789,3.0,False,0.011872326823848155,0.49760765550239233,0.02319133595474716,0.011731704932580298,0.011782942155314636,,41.91323763955343,131398,0.011959075927734375,0.14923378050281944,0.023733023375039224,0.0005416874202920641
000000042,DocTamper,CAFTB-Net,Light,BoxPatch,0.0020012855529785156,3.0,False,0.0119360046519813,0.49760765550239233,0.023312810090262422,0.011793879279061328,0.011785809804125616,,41.6896331738437,130697,0.011959075927734375,0.36618303373651584,0.023756258655587514,0.00044344856532509136
000000042,DocTamper,ADCD-Net,Light,BoxPatch,0.0019981861114501953,3.0,False,0.011953132742283445,0.5001594896331738,0.02334827344878419,0.011812032000964248,0.011748648080753007,,41.84338118022328,131179,0.011959075927734375,0.29170454545318814,0.023838721271962283,0.0004904478231780932
000000043,DocTamper,TruFor,Light,BoxPatch,0.0020003318786621094,3.0,False,0.023670216818271854,0.5061909416748126,0.04522561863173217,0.023135978792639973,0.02404965065198989,,21.38514173998045,131262,0.02341461181640625,0.1764869728366264,0.04593673001472966,0.0007111113829974883
000000043,DocTamper,CAFTB-Net,Light,BoxPatch,0.002004861831665039,3.0,False,0.02337717663347356,0.500651678071033,0.04466861931376325,0.02284452638308628,0.02387976877721835,,21.41625936787227,131453,0.02341461181640625,0.0007045359868235179,0.04576075198627327,0.0010921326725100156
000000043,DocTamper,ADCD-Net,Light,BoxPatch,0.0019991397857666016,3.0,False,0.023123373004664372,0.4934832192896709,0.044176736113643165,0.02258728430597605,0.02348699253359377,,21.341316389703486,130993,0.02341461181640625,0.010358170257332211,0.04578497400548877,0.0016082378918456028
000000044,DocTamper,TruFor,Light,Authentic,0.0019981861114501953,3.0,True,,,,,,1.0,,130806,0.0,,,
000000044,DocTamper,CAFTB-Net,Light,Authentic,0.0025119781494140625,3.0,True,,,,,,1.0,,131103,0.0,,,
000000044,DocTamper,ADCD-Net,Light,Authentic,0.0019991397857666016,3.0,True,,,,,,1.0,,131559,0.0,,,
000000045,DocTamper,TruFor,Light,BoxPatch,0.0020024776458740234,3.0,False,0.00909903508972978,0.4985349518627041,0.017871880674059513,0.00901651134445193,0.009261633662118091,,54.78987023859355,130893,0.009113311767578125,0.8688103855348367,0.01860693531225275,0.0007350546381932367
000000045,DocTamper,CAFTB-Net,Light,BoxPatch,0.0020008087158203125,3.0,False,0.009028142531990531,0.49644202595228126,0.017733783905021082,0.008946217092856604,0.009064723609869402,,54.988279614901636,131367,0.009113311767578125,0.3958730107703976,0.018200340402271004,0.0004665564972499217
000000045,DocTamper,ADCD-Net,Light,BoxPatch,0.0010008811950683594,3.0,False,0.009292858449716411,0.5102553369610716,0.01825328491745592,0.009210705272543182,0.00923235690601265,,54.90832984512348,131176,0.009113311767578125,0.18912760967216335,0.018432664395976125,0.00017937947852020644
000000046,DocTamper,TruFor,Light,BoxPatch,0.0030012130737304688,3.0,False,0.00860170657858519,0.489556135770235,0.016906361300211892,0.008525246095437288,0.008623116385767838,,56.91383812010444,130788,0.00876617431640625,0.8374153581412531,0.017454577920628545,0.0005482166204166528
000000046,DocTamper,CAFTB-Net,Light,BoxPatch,0.0019996166229248047,3.0,False,0.008837758561578606,0.504786771105309,0.0173713806503785,0.008761792541901762,0.008739778907264692,,57.117058311575285,131255,0.00876617431640625,0.42962496608288914,0.017653563623917224,0.0002821829735387242
000000046,DocTamper,ADCD-Net,Light,BoxPatch,0.0025048255920410156,3.0,False,0.008676855861842457,0.49434290687554394,0.017054368305297215,0.008600522390884657,0.008866369004917758,,56.972584856396864,130923,0.00876617431640625,0.8686561565818612,0.018272334372777504,0.0012179660674802896
000000047,DocTamper,TruFor,Light,BoxPatch,0.0020105838775634766,3.0,False,0.004631607862287877,0.49754098360655735,0.009177779793764553,0.004610044885280514,0.00465698679725105,,107.42295081967212,131056,0.0046539306640625,0.9683356384689693,0.009898904802021904,0.0007211250082573509
000000047,DocTamper,CAFTB-Net,Light,BoxPatch,0.0019981861114501953,3.0,False,0.004786807649730885,0.5139344262295082,0.009485269089671343,0.00476523430968703,0.004707541076554956,,107.36475409836065,130985,0.0046539306640625,0.8830351748031897,0.009814098329715958,0.00032882924004461536
000000047,DocTamper,ADCD-Net,Light,BoxPatch,0.0020084381103515625,3.0,False,0.004493248664634007,0.4819672131147541,0.008903492500927448,0.004471652914559489,0.004429259013539726,,107.26475409836065,130863,0.0046539306640625,0.029813237947270532,0.009286556026669486,0.0003830635257420379
000000048,DocTamper,TruFor,Light,Authentic,0.0020058155059814453,3.0,True,,,,,,1.0,,131054,0.0,,,
000000048,DocTamper,CAFTB-Net,Light,Authentic,0.0020084381103515625,3.0,True,,,,,,1.0,,131463,0.0,,,
000000048,DocTamper,ADCD-Net,Light,Authentic,0.0020012855529785156,3.0,True,,,,,,1.0,,131103,0.0,,,
000000049,DocTamper,TruFor,Light,Authentic,0.002001523971557617,3.0,True,,,,,,1.0,,131132,0.0,,,
000000049,DocTamper,CAFTB-Net,Light,Authentic,0.0010056495666503906,3.0,True,,,,,,1.0,,131235,0.0,,,
000000049,DocTamper,ADCD-Net,Light,Authentic,0.0020034313201904297,3.0,True,,,,,,1.0,,131222,0.0,,,
000000050,DocTamper,TruFor,Dark,BoxPatch,0.0011608600616455078,3.0,False,0.012459966448070764,0.5237179487179487,0.024340831223000146,0.01232035950718562,0.012154339282421326,,42.032051282051285,131140,0.01190185546875,0.4987514130572528,0.02440546967895363,6.463845595348211e-05
000000050,DocTamper,CAFTB-Net,Dark,BoxPatch,0.0009987354278564453,3.0,False,0.012329909208422888,0.5166666666666667,0.02408504471122599,0.012189312422966116,0.012005163713593652,,41.90352564102564,130739,0.01190185546875,0.5394607528186202,0.024287504547843314,0.00020245983661732261
000000050,DocTamper,ADCD-Net,Dark,BoxPatch,0.002505779266357422,3.0,False,0.011848648978999397,0.4971153846153846,0.02314562643167862,0.011708311315769607,0.011918469892740995,,41.95544871794872,130901,0.01190185546875,0.20507249729919363,0.02377673344407688,0.0006311070123982618
000000051,DocTamper,TruFor,Light,BoxPatch,0.0014934539794921875,3.0,False,0.023835037658441003,0.502339086949508,0.0455106798102991,0.02328520260519094,0.02387997933711788,,21.075657364090983,130648,0.023647308349609375,0.045526187618470826,0.04625201227046474,0.000741332460165646
000000051,DocTamper,CAFTB-Net,Light,BoxPatch,0.0010006427764892578,3.0,False,0.02388503468780971,0.5054040974350702,0.04561436714251396,0.023339491641586458,0.023722742662472266,,21.15986449427327,131170,0.023647308349609375,0.14468973989455014,0.046417663389393106,0.0008032962468791441
000000051,DocTamper,ADCD-Net,Light,BoxPatch,0.0025017261505126953,3.0,False,0.023325573407625082,0.49298273915147606,0.04454355969507485,0.02277911119724504,0.02338643583984536,,21.134860461364735,131015,0.023647308349609375,0.06236135164616019,0.04629776564681985,0.001754205951745004
000000052,DocTamper,TruFor,Light,BoxPatch,0.0015094280242919922,3.0,False,0.010417937766931055,0.4989043097151205,0.020409687878199283,0.010310056456238868,0.01052846606360749,,47.88897005113221,131120,0.01044464111328125,0.287036510747382,0.02083069920343912,0.00042101132523983745
000000052,DocTamper,CAFTB-Net,Light,BoxPatch,0.0020012855529785156,3.0,False,0.010565260508047906,0.5058436815193572,0.020698209642227332,0.010457328813149808,0.0105974572962721,,47.878013148283415,131090,0.01044464111328125,0.8026013918359249,0.02105954705549574,0.00036133741326840885
000000052,DocTamper,ADCD-Net,Light,BoxPatch,0.0019989013671875,3.0,False,0.010322551155668642,0.49488677867056247,0.02022327691710695,0.010214928118568552,0.010409971279786032,,47.94229364499635,131266,0.01044464111328125,0.06438720847682222,0.020791026012958132,0.0005677490958511805
000000053,DocTamper,TruFor,Light,BoxPatch,0.0024776458740234375,3.0,False,0.00758822453830682,0.487279843444227,0.014943735933983496,0.007528117063732011,0.007745308212154882,,64.21526418786692,131256,0.0077972412109375,0.9867313766144654,0.016260162601626015,0.0013164266676425184
000000053,DocTamper,CAFTB-Net,Light,BoxPatch,0.0020127296447753906,3.0,False,0.007963447470995201,0.5107632093933464,0.015682386606881323,0.00790316353643858,0.007953008683594966,,64.13845401174169,131099,0.0077972412109375,0.6900896788949886,0.016125360903786943,0.0004429742969056204
000000053,DocTamper,ADCD-Net,Light,BoxPatch,0.002504110336303711,3.0,False,0.007896483585232431,0.5063600782778865,0.01555046388461105,0.007836159903089036,0.007658131997234532,,64.1247553816047,131071,0.0077972412109375,0.3133531129882824,0.015664993244059715,0.00011452935944866564
000000054,DocTamper,TruFor,Light,Authentic,0.002000093460083008,3.0,True,,,,,,1.0,,131179,0.0,,,
000000054,DocTamper,CAFTB-Net,Light,Authentic,0.0020046234130859375,3.0,True,,,,,,1.0,,131149,0.0,,,
000000054,DocTamper,ADCD-Net,Light,Authentic,0.0019998550415039062,3.0,True,,,,,,1.0,,130984,0.0,,,
000000055,DocTamper,TruFor,Light,BoxPatch,0.0019991397857666016,3.0,False,0.007891366006892555,0.5090998524348254,0.015541824024506526,0.007831772023548284,0.007881917857790452,,64.51352680767339,131156,0.007755279541015625,0.34098251873398777,0.015729102273507795,0.0001872782490012683
000000055,DocTamper,CAFTB-Net,Light,BoxPatch,0.00200653076171875,3.0,False,0.007969888147267684,0.514510575504181,0.01569663182694688,0.007910399225597628,0.007785578894515294,,64.55681259222824,131244,0.007755279541015625,0.6067405902524582,0.015893106959658152,0.00019647513271127057
000000055,DocTamper,ADCD-Net,Light,BoxPatch,0.0025060176849365234,3.0,False,0.007966916012893024,0.5154943433349729,0.015691324105197753,0.007907703219672676,0.007901575572100302,,64.70437776684702,131544,0.007755279541015625,0.9491793642381684,0.01630789302022179,0.0006165689150240371
000000056,DocTamper,TruFor,Light,BoxPatch,0.0020356178283691406,3.0,False,0.010076856082020566,0.5124320124320124,0.019765037312314562,0.00998115763267221,0.010156453017029608,,50.852369852369854,130894,0.00981903076171875,0.8578135002060455,0.02024322078706851,0.00047818347475394804
000000056,DocTamper,CAFTB-Net,Light,BoxPatch,0.001997709274291992,3.0,False,0.009783853967769037,0.4976689976689977,0.01919043624161074,0.009688178304833501,0.009906205131545522,,50.86635586635587,130930,0.00981903076171875,0.9643311230835145,0.019924018573237653,0.0007335823316269134
000000056,DocTamper,ADCD-Net,Light,BoxPatch,0.0020003318786621094,3.0,False,0.009811016064777082,0.5003885003885004,0.01924470509133017,0.00971584180074981,0.009852894035130974,,51.0027195027195,131281,0.00981903076171875,0.17029445898241813,0.019753871304663734,0.0005091662133335645
000000057,DocTamper,TruFor,Light,BoxPatch,0.0009984970092773438,3.0,False,0.006266179381757271,0.4922248803827751,0.012374823324211349,0.006225934079235035,0.006372898069021087,,78.55263157894737,131340,0.006378173828125,0.3733535183300086,0.01287855558160928,0.0005037322573979309
000000057,DocTamper,CAFTB-Net,Light,BoxPatch,0.00225830078125,3.0,False,0.006262523141622923,0.4916267942583732,0.012367504457266663,0.00622222895077475,0.006381531732147448,,78.502990430622,131257,0.006378173828125,0.4240961268413326,0.012925023080398357,0.0005575186231316937
000000057,DocTamper,ADCD-Net,Light,BoxPatch,0.002507925033569336,3.0,False,0.00629802529871831,0.4946172248803828,0.012437680004211065,0.006257755985350646,0.006494888502132765,,78.53528708133972,131311,0.006378173828125,0.8194442861948925,0.013803524390990956,0.0013658443867798908
000000058,DocTamper,TruFor,Light,BoxPatch,0.0019974708557128906,3.0,False,0.020153265469518473,0.4996219281663516,0.03874372411771173,0.019754544367376226,0.020130296604825924,,24.791115311909262,131145,0.02017974853515625,0.002199012126722466,0.039620654898625235,0.0008769307809135055
000000058,DocTamper,CAFTB-Net,Light,BoxPatch,0.002002239227294922,3.0,False,0.020283651209554568,0.5034026465028355,0.03899603157170262,0.019885748422506812,0.020410133543006446,,24.81814744801512,131288,0.02017974853515625,0.10490666757984168,0.03973399556659278,0.0007379639948901576
000000058,DocTamper,ADCD-Net,Light,BoxPatch,0.0019991397857666016,3.0,False,0.020046371963966702,0.4984877126654064,0.03854277049000621,0.0196500693005857,0.02015292740812372,,24.86672967863894,131545,0.02017974853515625,0.10805836855839634,0.03986655476640821,0.001323784276402
000000059,DocTamper,TruFor,Light,BoxPatch,0.0020029544830322266,3.0,False,0.0015172887042049484,0.4806763285024155,0.003025028692169128,0.001514805511151709,0.0015466901539325211,,316.7995169082126,131155,0.00157928466796875,0.7717933746715205,0.003291442250149611,0.00026641355798048307
000000059,DocTamper,CAFTB-Net,Light,BoxPatch,0.0020041465759277344,3.0,False,0.0015509769634303961,0.4927536231884058,0.003092220942217911,0.001548504630332473,0.0015641360041978756,,317.70531400966183,131530,0.00157928466796875,0.9940741428872987,0.0039880358923230315,0.0008958149501051204
000000059,DocTamper,ADCD-Net,Light,BoxPatch,0.0019991397857666016,3.0,False,0.001551755613704132,0.4927536231884058,0.003093768482991856,0.0015492807995504047,0.0014909525423770977,,317.54589371980677,131464,0.00157928466796875,0.3599189348934273,0.003250258004056891,0.00015648952106503498
000000060,DocTamper,TruFor,Light,BoxPatch,0.0019996166229248047,3.0,False,0.009064043922814359,0.4952023362536504,0.017802240652698833,0.008981061838431682,0.009088461060291576,,54.63370880267001,130957,0.009143829345703125,0.0031578394308687807,0.018154724664717726,0.00035248401201889296
000000060,DocTamper,CAFTB-Net,Light,BoxPatch,0.0020036697387695312,3.0,False,0.008941136878174142,0.4876929495202336,0.01756033077714603,0.008857939562937593,0.009179886622692474,,54.54484772632457,130744,0.009143829345703125,0.020861598722083707,0.0182267531665122,0.0006664223893661711
000000060,DocTamper,ADCD-Net,Light,BoxPatch,0.002000570297241211,3.0,False,0.008816793893129771,0.4818523153942428,0.01731673126082296,0.0087339876892364,0.008810761432300529,,54.651647893199836,131000,0.009143829345703125,0.1614559853130304,0.01841434987264758,0.0010976186118246203
000000061,DocTamper,TruFor,Light,BoxPatch,0.0020017623901367188,3.0,False,0.025469598097212904,0.5008995502248875,0.04847438445801837,0.024839225307609382,0.025246157242020846,,19.66656671664168,131176,0.02544403076171875,0.020689794559784147,0.04973760357254066,0.0012632191145222904
000000061,DocTamper,CAFTB-Net,Light,BoxPatch,0.002001523971557617,3.0,False,0.025443939785207578,0.5022488755622189,0.04843420177543881,0.024818123898001216,0.02541002690751125,,19.739430284857573,131662,0.02544403076171875,0.16523831947286527,0.049903707802988376,0.0014695060275495692
000000061,DocTamper,ADCD-Net,Light,BoxPatch,0.0020029544830322266,3.0,False,0.025671719174113268,0.5047976011994003,0.04885870590454631,0.025041090592671372,0.02549049237412331,,19.663568215892052,131156,0.02544403076171875,0.0036942814753818665,0.04965558438649219,0.0007968784819458799
000000062,DocTamper,TruFor,Light,Authentic,0.0019462108612060547,3.0,True,,,,,,1.0,,130899,0.0,,,
000000062,DocTamper,CAFTB-Net,Light,Authentic,0.0010056495666503906,3.0,True,,,,,,1.0,,130647,0.0,,,
000000062,DocTamper,ADCD-Net,Light,Authentic,0.00099945068359375,3.0,True,,,,,,1.0,,131143,0.0,,,
000000063,DocTamper,TruFor,Light,Authentic,0.0019998550415039062,3.0,True,,,,,,1.0,,130894,0.0,,,
000000063,DocTamper,CAFTB-Net,Light,Authentic,0.0020020008087158203,3.0,True,,,,,,1.0,,130855,0.0,,,
000000063,DocTamper,ADCD-Net,Light,Authentic,0.002005338668823242,3.0,True,,,,,,1.0,,130625,0.0,,,
000000064,DocTamper,TruFor,Dark,TightContour,0.0024003982543945312,3.0,False,0.0001603053435114504,0.5526315789473685,0.0003205177124192983,0.0001602845432272148,0.00015032536902807067,,3447.3684210526317,131000,0.00014495849609375,0.9878187979937227,0.0006161429451632778,0.0002956252327439795
000000064,DocTamper,CAFTB-Net,Dark,TightContour,0.0020084381103515625,3.0,False,0.00011466837904779378,0.39473684210526316,0.0002292701566679404,0.00011464822104177016,0.00014209244873665945,,3442.4210526315787,130812,0.00014495849609375,0.9523576129713633,0.0004866969500324465,0.0002574267933645061
000000064,DocTamper,ADCD-Net,Dark,TightContour,0.002003908157348633,3.0,False,0.0001373364361194827,0.47368421052631576,0.00027459325873549804,0.00013731548232063164,0.0001583522849745486,,3449.0789473684213,131065,0.00014495849609375,0.983719735440664,0.0013736263736263735,0.0010990331148908756
000000065,DocTamper,TruFor,Light,BoxPatch,0.0034029483795166016,3.0,False,0.006759443339960238,0.5063001145475372,0.013340778413292486,0.006715182084744991,0.006956888747967947,,74.90263459335624,130780,0.00666046142578125,0.8247325665023093,0.014134866701515944,0.0007940882882234573
000000065,DocTamper,CAFTB-Net,Light,BoxPatch,0.0025043487548828125,3.0,False,0.006550933508024894,0.4925544100801833,0.01292990039466266,0.006507017742972799,0.006433645775315984,,75.18843069873998,131279,0.00666046142578125,0.4122403563725341,0.013344870685511009,0.0004149702908483495
000000065,DocTamper,ADCD-Net,Light,BoxPatch,0.004000663757324219,3.0,False,0.006506898834846536,0.4896907216494845,0.01284314093657291,0.00646307355053292,0.006417851057787881,,75.25715922107675,131399,0.00666046142578125,0.01983696938169388,0.013268164519058016,0.00042502358248510536
000000066,DocTamper,TruFor,Light,TightContour,0.0025124549865722656,3.0,False,0.004251681207874388,0.5045289855072463,0.008432303139027032,0.004234002766924609,0.004652930103287609,,118.66576086956522,131007,0.00421142578125,0.9810308767284205,0.011134763386278041,0.00270246024725101
000000066,DocTamper,CAFTB-Net,Light,TightContour,0.0019965171813964844,3.0,False,0.00397581001416668,0.47282608695652173,0.007885315488149369,0.003958263823591859,0.004042996767446023,,118.92572463768116,131294,0.00421142578125,0.02957219440475556,0.00842577959975591,0.0005404641116065409
000000066,DocTamper,ADCD-Net,Light,TightContour,0.0020093917846679688,3.0,False,0.003953353481698568,0.4692028985507246,0.007840644204280567,0.003935751515796192,0.004111761927392549,,118.68478260869566,131028,0.00421142578125,0.996081119662524,0.010536398467432949,0.0026957542631523817
000000067,DocTamper,TruFor,Light,BoxPatch,0.0019860267639160156,3.0,False,0.0029532203802651808,0.521505376344086,0.0058731816599306725,0.0029452397941368475,0.0029173788780516735,,176.58870967741936,131382,0.002838134765625,0.9850093050498782,0.006387055567383436,0.0005138739074527637
000000067,DocTamper,CAFTB-Net,Light,BoxPatch,0.0020036697387695312,3.0,False,0.0027864272064925277,0.49193548387096775,0.00554146636890117,0.0027784314767439213,0.0029117949253942704,,176.5470430107527,131351,0.002838134765625,0.986814642944378,0.007488883688275216,0.0019474173193740462
000000067,DocTamper,ADCD-Net,Light,BoxPatch,0.002004861831665039,3.0,False,0.002724982302838396,0.48118279569892475,0.005419274755716351,0.0027169994611537383,0.002718332526772905,,176.58198924731184,131377,0.002838134765625,0.8017124001869346,0.005753217259651778,0.0003339425039354275
000000068,DocTamper,TruFor,Light,BoxPatch,0.002000570297241211,3.0,False,0.0011111707141379231,0.5052264808362369,0.002217464444104603,0.0011099628736556053,0.0011385662549961936,,454.6794425087108,130493,0.001094818115234375,0.9987031828422335,0.003246753246753247,0.001029288802648644
000000068,DocTamper,CAFTB-Net,Light,BoxPatch,0.001505136489868164,3.0,False,0.0010089737513949827,0.45993031358885017,0.0020135303135463303,0.0010077797543155114,0.0010266942277476212,,455.8397212543554,130826,0.001094818115234375,0.9833575975296586,0.0026019080659150044,0.000588377752368674
000000068,DocTamper,ADCD-Net,Light,BoxPatch,0.0019981861114501953,3.0,False,0.0010284538909838875,0.47038327526132406,0.002052420335684748,0.0010272643569705594,0.0010101869485246574,,457.3693379790941,131265,0.001094818115234375,0.0033226212961716683,0.0021950538629506265,0.0001426335272658786
000000069,DocTamper,TruFor,Light,BoxPatch,0.001987934112548828,3.0,False,0.015623450432925201,0.5045577728504558,0.030308411768188007,0.015387389553405061,0.015752536832053715,,32.29490022172949,131085,0.015483856201171875,0.42927572870546116,0.03073578421162258,0.00042737244343457256
000000069,DocTamper,CAFTB-Net,Light,BoxPatch,0.002003908157348633,3.0,False,0.01569363103953148,0.5070214338507022,0.030444912903583712,0.0154577615538881,0.01539302463249449,,32.307464892830744,131136,0.015483856201171875,0.3600700488966768,0.030939766323343824,0.000494853419760112
000000069,DocTamper,ADCD-Net,Light,BoxPatch,0.003009796142578125,3.0,False,0.01575669299104061,0.5117023897511702,0.03057199211045365,0.015523284927391086,0.015854408269661703,,32.475240206947525,131817,0.015483856201171875,0.2703592999507346,0.03087524153231165,0.0003032494218580019
000000070,DocTamper,TruFor,Light,BoxPatch,0.0019996166229248047,3.0,False,0.0021361304647423626,0.465,0.004252724639890252,0.002130893371317717,0.0022549647928801118,,217.68333333333334,130610,0.002288818359375,0.9489692636169461,0.005647672145391355,0.0013949475055011025
000000070,DocTamper,CAFTB-Net,Light,BoxPatch,0.002369403839111328,3.0,False,0.0024030392725275396,0.525,0.004784180310440146,0.0023978259711195183,0.0024878723819024293,,218.47333333333333,131084,0.002288818359375,0.7908535992971132,0.0056129241175835645,0.0008287438071434188
000000070,DocTamper,ADCD-Net,Light,BoxPatch,0.0019996166229248047,3.0,False,0.0023454693604026897,0.5133333333333333,0.004669602856341487,0.0023402654833636,0.0022828506947507906,,218.86166666666668,131317,0.002288818359375,0.7563108648987005,0.004857997010463378,0.0001883941541218903
000000071,DocTamper,TruFor,Light,BoxPatch,0.0019996166229248047,3.0,False,0.005186880244088482,0.5101275318829708,0.010269343743628853,0.005161172800619341,0.005337979651227264,,98.34958739684922,131100,0.005084991455078125,0.8709601897823231,0.012350267303239086,0.0020809235596102333
000000071,DocTamper,CAFTB-Net,Light,BoxPatch,0.001999378204345703,3.0,False,0.005058996148437978,0.4966241560390098,0.01001596199381189,0.005033187102267975,0.005021727248638839,,98.16654163540885,130856,0.005084991455078125,0.15649145591278202,0.010246960742455227,0.00023099874864333618
000000071,DocTamper,ADCD-Net,Light,BoxPatch,0.002501964569091797,3.0,False,0.004926521616448176,0.4846211552888222,0.009753887966178468,0.004900845130259305,0.004905595901486424,,98.36984246061516,131127,0.005084991455078125,0.03344631427692846,0.010151606748894943,0.000397718782716475
000000072,DocTamper,TruFor,Light,BoxPatch,0.0019838809967041016,3.0,False,0.016117718816712413,0.5018993352326686,0.031232455751558665,0.015863963139173633,0.016315528114553716,,31.13960113960114,131160,0.0160675048828125,0.4203301262996997,0.03193931913097423,0.000706863379415567
000000072,DocTamper,CAFTB-Net,Light,BoxPatch,0.0020067691802978516,3.0,False,0.01638555321294344,0.5092592592592593,0.03174955595026643,0.016130851663846587,0.015958179803959666,,31.07977207977208,130908,0.0160675048828125,0.4231661373249074,0.03190955097415558,0.00015999502388915066
000000072,DocTamper,ADCD-Net,Light,BoxPatch,0.0025064945220947266,3.0,False,0.01631970430559162,0.5073599240265907,0.031622249515382006,0.016065132573052376,0.016351175730715272,,31.088793922127255,130946,0.0160675048828125,0.7755152025174106,0.03191082802547771,0.0002885785100957064
000000073,DocTamper,TruFor,Light,BoxPatch,0.002000093460083008,3.0,False,0.016031575498510375,0.49044289044289047,0.03104824726446348,0.015768922332061727,0.016058928981691808,,30.592307692307692,131241,0.01636505126953125,0.005443635966028704,0.032254899741145746,0.0012066524766822656
000000073,DocTamper,CAFTB-Net,Light,BoxPatch,0.0019986629486083984,3.0,False,0.016458952138898246,0.5011655011655012,0.03187121066129057,0.016193661123162208,0.016121412760605615,,30.449417249417248,130628,0.01636505126953125,0.05675038793190923,0.032300805729632946,0.00042959506834237826
000000073,DocTamper,ADCD-Net,Light,BoxPatch,0.009523391723632812,3.0,False,0.016358012906181985,0.4993006993006993,0.0316781898177247,0.016094009452037296,0.01648750065304208,,30.523310023310025,130945,0.01636505126953125,0.7047940479291076,0.03270684071057022,0.0010286508928455187
000000074,DocTamper,TruFor,Light,BoxPatch,0.0019979476928710938,3.0,False,0.0032980571306137755,0.4908883826879271,0.006552093705581442,0.003286814611454282,0.0032014564987346223,,148.84168564920273,130683,0.00334930419921875,0.034496853843549835,0.006714450648393693,0.0001623569428122508
000000074,DocTamper,CAFTB-Net,Light,BoxPatch,0.003005504608154297,3.0,False,0.0034519808883707107,0.5159453302961275,0.006858077164722535,0.003440837346377626,0.0035248957653375647,,149.4635535307517,131229,0.00334930419921875,0.9918683334579683,0.008026755852842809,0.0011686786881202737
000000074,DocTamper,ADCD-Net,Light,BoxPatch,0.0033791065216064453,3.0,False,0.003212955613895842,0.479498861047836,0.0063831400197104085,0.0032017887427845675,0.003254043109165664,,149.2391799544419,131032,0.00334930419921875,0.779630485803407,0.006796332029849217,0.0004131920101388088
000000075,DocTamper,TruFor,Light,Authentic,0.0029909610748291016,3.0,True,,,,,,1.0,,131035,0.0,,,
000000075,DocTamper,CAFTB-Net,Light,Authentic,0.0030045509338378906,3.0,True,,,,,,1.0,,131002,0.0,,,
000000075,DocTamper,ADCD-Net,Light,Authentic,0.003000974655151367,3.0,True,,,,,,1.0,,130598,0.0,,,
000000076,DocTamper,TruFor,Light,BoxPatch,0.002995729446411133,3.0,False,0.005282978593645179,0.48125,0.010451227604512274,0.005253064287501042,0.005233437384643774,,91.09444444444445,131176,0.0054931640625,0.04448918466811591,0.011005546446026368,0.0005543188415140943
000000076,DocTamper,CAFTB-Net,Light,BoxPatch,0.0025262832641601562,3.0,False,0.005242564118240455,0.47638888888888886,0.010370997490400023,0.005212528304180661,0.0053899908700734845,,90.86944444444444,130852,0.0054931640625,0.9442788605269836,0.012067678526996764,0.0016966810365967415
000000076,DocTamper,ADCD-Net,Light,BoxPatch,0.0030007362365722656,3.0,False,0.005362053162236481,0.4875,0.010607434270172258,0.005331996536480883,0.0053506947600697255,,90.91666666666667,130920,0.0054931640625,0.9137313784979185,0.011290523431987049,0.0006830891618147903
000000077,DocTamper,TruFor,Light,Authentic,0.0029976367950439453,3.0,True,,,,,,1.0,,130631,0.0,,,
000000077,DocTamper,CAFTB-Net,Light,Authentic,0.0025153160095214844,3.0,True,,,,,,1.0,,130842,0.0,,,
000000077,DocTamper,ADCD-Net,Light,Authentic,0.0029997825622558594,3.0,True,,,,,,1.0,,131247,0.0,,,
000000078,DocTamper,TruFor,Light,BoxPatch,0.002505064010620117,3.0,False,0.002648349551612288,0.48599439775910364,0.005267992014513546,0.002640952264978081,0.002850421916281296,,183.50840336134453,131025,0.00272369384765625,0.9799617352015039,0.008386447500838645,0.003118455486325099
000000078,DocTamper,CAFTB-Net,Light,BoxPatch,0.0029997825622558594,3.0,False,0.002652175242288055,0.48599439775910364,0.005275560623337134,0.002644756598553387,0.0026617152582914744,,183.2436974789916,130836,0.00272369384765625,0.9720019058066631,0.006214267959234402,0.0009387073358972679
000000078,DocTamper,ADCD-Net,Light,BoxPatch,0.0020020008087158203,3.0,False,0.0025115493215011452,0.46218487394957986,0.004995950252446879,0.0025042306320526343,0.0024932690288750068,,184.02380952380952,131393,0.00272369384765625,0.016576386184561698,0.005446092196771025,0.00045014194432414605
000000079,DocTamper,TruFor,Dark,BoxPatch,0.003017902374267578,3.0,False,0.06004375967248858,0.49993652405738226,0.10721116215756338,0.05664190321397493,0.06025660517737937,,8.326202869112606,131171,0.06009674072265625,0.0017942170141515001,0.11341346933626485,0.006202307178701474
000000079,DocTamper,CAFTB-Net,Dark,BoxPatch,0.003000974655151367,3.0,False,0.06025110364720014,0.4998730481147645,0.1075400970933448,0.0568255617612677,0.060357817361417924,,8.296496127967501,130703,0.06009674072265625,1.271123842361277e-05,0.11338176924211837,0.005841672148773569
000000079,DocTamper,ADCD-Net,Dark,BoxPatch,0.0030007362365722656,3.0,False,0.05971106074135128,0.4966357750412594,0.10660489832067309,0.056303567187916036,0.059685385265420485,,8.317316237146121,131031,0.06009674072265625,0.000527038279203973,0.11339449012802603,0.006789591807352946
000000080,DocTamper,TruFor,Light,BoxPatch,0.003506898880004883,3.0,False,0.003530254971330975,0.48532494758909855,0.00700952265604893,0.0035170878816192276,0.0036272289746994133,,137.47589098532495,131152,0.00363922119140625,0.9625344771223842,0.00884789156626506,0.001838368910216129
000000080,DocTamper,CAFTB-Net,Light,BoxPatch,0.002999544143676758,3.0,False,0.003567861798720754,0.49056603773584906,0.007084200567644276,0.003554691357086976,0.0036201569335015463,,137.49580712788259,131171,0.00363922119140625,0.9820533906942538,0.008061689449702068,0.0009774888820577917
000000080,DocTamper,ADCD-Net,Light,BoxPatch,0.0030040740966796875,3.0,False,0.0036109333577109427,0.4968553459119497,0.007169759949176386,0.003597777575371163,0.0035901705648163098,,137.59748427672955,131268,0.00363922119140625,0.9571694601126582,0.008061862454754853,0.0008921025055784668
000000081,DocTamper,TruFor,Light,BoxPatch,0.0030012130737304688,3.0,False,0.0017267726161369194,0.4870689655172414,0.0034413448653916436,0.0017236382495157034,0.0017594297831892273,,282.0689655172414,130880,0.00177001953125,0.997770611575894,0.007782101167315176,0.0043407563019235325
000000081,DocTamper,CAFTB-Net,Light,BoxPatch,0.002999544143676758,3.0,False,0.0017754951192934596,0.5021551724137931,0.003538479061467786,0.0017723752871552235,0.001798147550077846,,282.82543103448273,131231,0.00177001953125,0.9922604087952805,0.006493506493506494,0.002955027432038708
000000081,DocTamper,ADCD-Net,Light,BoxPatch,0.0025055408477783203,3.0,False,0.0018627376135582868,0.5258620689655172,0.0037123252240327414,0.0018596143586616875,0.0018334051005247862,,282.3060344827586,130990,0.00177001953125,0.7930199076141485,0.003955609273706186,0.00024328404967344447
000000082,DocTamper,TruFor,Light,Authentic,0.0035135746002197266,3.0,True,,,,,,1.0,,131119,0.0,,,
000000082,DocTamper,CAFTB-Net,Light,Authentic,0.0020051002502441406,3.0,True,,,,,,1.0,,131142,0.0,,,
000000082,DocTamper,ADCD-Net,Light,Authentic,0.002000570297241211,3.0,True,,,,,,1.0,,131050,0.0,,,
000000083,DocTamper,TruFor,Light,BoxPatch,0.0020093917846679688,3.0,False,0.013095047649518934,0.5033674963396779,0.025526038341030243,0.012928019734219769,0.013205691868998547,,38.439531478770135,131271,0.013027191162109375,0.5976692936524924,0.02610798629559737,0.0005819479545671261
000000083,DocTamper,CAFTB-Net,Light,BoxPatch,0.002505064010620117,3.0,False,0.013010497279901924,0.4972181551976574,0.025357476199365316,0.012841552784227125,0.013047314501227135,,38.21669106881406,130510,0.013027191162109375,0.29681956402737475,0.026203807390817468,0.0008463311914521515
000000083,DocTamper,ADCD-Net,Light,BoxPatch,0.0020024776458740234,3.0,False,0.013002174659494105,0.49897510980966325,0.025343942886889268,0.012834611270957925,0.013227378599371708,,38.37628111273792,131055,0.013027191162109375,0.2712357659233052,0.025908281801438435,0.0005643389145491666
000000084,DocTamper,TruFor,Light,BoxPatch,0.002420186996459961,3.0,False,0.009392677980574235,0.5105677579776212,0.01844601322064097,0.009308862308930311,0.009264586475532325,,54.35806050559469,131166,0.009204864501953125,0.5597702010853615,0.01872233622195465,0.00027632300131368026
000000084,DocTamper,CAFTB-Net,Light,BoxPatch,0.0020003318786621094,3.0,False,0.009038663281285634,0.4927476170741815,0.017751700147059925,0.008955336295849966,0.009112052953808708,,54.51554082055532,131546,0.009204864501953125,0.07231796385341682,0.018463591571358243,0.0007118914242983179
000000084,DocTamper,ADCD-Net,Light,BoxPatch,0.0022280216217041016,3.0,False,0.00907680905847207,0.4923331951927062,0.017824990997479296,0.008992642383504406,0.00936324523727068,,54.24077911313717,130883,0.009204864501953125,0.8597208620239906,0.019333775442534302,0.0015087844450550059
000000085,DocTamper,TruFor,Light,BoxPatch,0.002999544143676758,3.0,False,0.0036566281155769303,0.49381443298969074,0.007259500625165763,0.003642973396407222,0.0037477461381951204,,135.0463917525773,130995,0.00370025634765625,0.257426042479204,0.007666521661250289,0.0004070210360845256
000000085,DocTamper,CAFTB-Net,Light,BoxPatch,0.002999544143676758,3.0,False,0.0034855403348554035,0.47216494845360824,0.0069199969781672584,0.0034720116441263873,0.003445592978160229,,135.46391752577318,131400,0.00370025634765625,0.0020854849333730163,0.007380607814761215,0.0004606108365939566
000000085,DocTamper,ADCD-Net,Light,BoxPatch,0.0030035972595214844,3.0,False,0.0037179262064174308,0.5020618556701031,0.0073811923581166596,0.003704267133186278,0.0037871717701670354,,135.0381443298969,130987,0.00370025634765625,0.9947630860750764,0.007768666378938281,0.00038747402082162184
000000086,DocTamper,TruFor,Light,BoxPatch,0.0030078887939453125,3.0,False,0.011032332986981235,0.4876730834177643,0.021576552682500427,0.010905932555417091,0.0109077521500837,,44.20398514015535,130888,0.011295318603515625,0.06853486274254272,0.022591281480732275,0.0010147287982318481
000000086,DocTamper,CAFTB-Net,Light,BoxPatch,0.0019998550415039062,3.0,False,0.011217362127867253,0.4967916244511989,0.021939342416310584,0.011091339556346417,0.011345584215233406,,44.28774062816616,131136,0.011295318603515625,0.3707910592966973,0.02239468245412366,0.0004553400378130776
000000086,DocTamper,ADCD-Net,Light,BoxPatch,0.0030014514923095703,3.0,False,0.011309414571481005,0.49949341438703143,0.022118037641041744,0.01118268838179921,0.011236243895124088,,44.1661600810537,130776,0.011295318603515625,0.13173971425168496,0.022571561221346223,0.0004535235803044789
000000087,DocTamper,TruFor,Light,BoxPatch,0.0020093917846679688,3.0,False,0.001923531971085956,0.5587583148558758,0.0038338658146964853,0.0019206145966709346,0.0020080606493553172,,290.4855875831486,131009,0.001720428466796875,0.9496639499271023,0.005039276715577293,0.001205410900880808
000000087,DocTamper,CAFTB-Net,Light,BoxPatch,0.002004384994506836,3.0,False,0.0017561064611033822,0.5121951219512195,0.0035002121340687313,0.0017531743080274132,0.0018404878760829844,,291.66518847006654,131541,0.001720428466796875,0.9929967521208076,0.006263982102908277,0.0027637699688395456
000000087,DocTamper,ADCD-Net,Light,BoxPatch,0.0019979476928710938,3.0,False,0.0017463235294117648,0.5055432372505543,0.0034806237644167287,0.0017433458477019185,0.0017234134623663236,,289.490022172949,130560,0.001720428466796875,0.9526331392687958,0.004354926510615133,0.0008743027461984043
000000088,DocTamper,TruFor,Light,BoxPatch,0.001997709274291992,3.0,False,0.012525237133823473,0.520253164556962,0.024461555629952014,0.01238222202137515,0.012511416181323483,,41.53639240506329,131255,0.012054443359375,0.5950393645398502,0.024608849298263284,0.00014729366831127064
000000088,DocTamper,CAFTB-Net,Light,BoxPatch,0.0019998550415039062,3.0,False,0.01176892606641582,0.4879746835443038,0.02298353740786836,0.011625364706237136,0.011706327061991236,,41.4629746835443,131023,0.012054443359375,0.021636042603650485,0.02393401972939464,0.0009504823215262803
000000088,DocTamper,ADCD-Net,Light,BoxPatch,0.003000020980834961,3.0,False,0.011758430177176605,0.4882911392405063,0.022963872456003273,0.011615302389304588,0.011592768195771555,,41.526898734177216,131225,0.012054443359375,0.028568591826068745,0.023869497886676163,0.0009056254306728899
000000089,DocTamper,TruFor,Light,Authentic,0.002003192901611328,3.0,True,,,,,,1.0,,131308,0.0,,,
000000089,DocTamper,CAFTB-Net,Light,Authentic,0.002999544143676758,3.0,True,,,,,,1.0,,131127,0.0,,,
000000089,DocTamper,ADCD-Net,Light,Authentic,0.0022950172424316406,3.0,True,,,,,,1.0,,131048,0.0,,,
000000090,DocTamper,TruFor,Light,BoxPatch,0.003505706787109375,3.0,False,0.021294986040463534,0.4959030993943712,0.04083638310511996,0.020843783925429567,0.02132890579133283,,23.28731742073388,130735,0.02141571044921875,0.05129023473646532,0.04197184316778123,0.0011354600626612699
000000090,DocTamper,CAFTB-Net,Light,BoxPatch,0.0019998550415039062,3.0,False,0.021162728556704966,0.4937655860349127,0.04058594865262556,0.02071330897352552,0.021733989498133613,,23.33184894905593,130985,0.02141571044921875,0.002263269876966123,0.04193658242675319,0.001350633774127627
000000090,DocTamper,ADCD-Net,Light,BoxPatch,0.003003358840942383,3.0,False,0.021461526101959463,0.4996437477734236,0.041155282328171186,0.02100997693022141,0.021929927461697574,,23.280904880655505,130699,0.02141571044921875,0.07115318357513944,0.04210737501003129,0.0009520926818601047
000000091,DocTamper,TruFor,Light,BoxPatch,0.001997709274291992,3.0,False,0.0109675101841166,0.49740034662045063,0.0214617950136847,0.010847298758040986,0.010884179999056786,,45.35216637781629,130841,0.011005401611328125,0.6161022103503387,0.021848397687323863,0.0003866026736391616
000000091,DocTamper,CAFTB-Net,Light,BoxPatch,0.0025053024291992188,3.0,False,0.010853823991219378,0.4935875216637782,0.02124057486780576,0.010734288664922848,0.010874017950275924,,45.47590987868284,131198,0.011005401611328125,0.006702757990957764,0.021806936429361105,0.0005663615615553452
000000091,DocTamper,ADCD-Net,Light,BoxPatch,0.002004861831665039,3.0,False,0.011082023766819566,0.5032928942807625,0.02168653105116946,0.01096213082080087,0.011003364365736854,,45.41525129982669,131023,0.011005401611328125,0.49051247345792237,0.02191419141914192,0.00022766036797245912
000000092,DocTamper,TruFor,Light,BoxPatch,0.0020101070404052734,3.0,False,0.003830685241539614,0.47988505747126436,0.007600697868466965,0.003814846682758568,0.0038627238306276354,,125.27394636015326,130786,0.0039825439453125,0.022023797147696533,0.008009726651569122,0.00040902878310215655
000000092,DocTamper,CAFTB-Net,Light,BoxPatch,0.002999544143676758,3.0,False,0.0040334241487953,0.5076628352490421,0.008003261706657808,0.0040177082385760635,0.004050948281300648,,125.8639846743295,131402,0.0039825439453125,0.9164264217924515,0.008807499454981469,0.000804237748323661
000000092,DocTamper,ADCD-Net,Light,BoxPatch,0.0020034313201904297,3.0,False,0.0039621833312935995,0.49616858237547895,0.007861587494308698,0.0039463058615593245,0.0038969744197205093,,125.22605363984674,130736,0.0039825439453125,0.7349351096464218,0.008041486112097748,0.00017989861778905034
000000093,DocTamper,TruFor,Light,BoxPatch,0.0025043487548828125,3.0,False,0.0067489497807739105,0.49971671388101985,0.01331803219279437,0.0067036558485977045,0.006838117081255722,,74.04362606232294,130687,0.006732940673828125,0.5976964685776344,0.013707211713775466,0.0003891795209810967
000000093,DocTamper,CAFTB-Net,Light,BoxPatch,0.0035161972045898438,3.0,False,0.006893223960846488,0.509915014164306,0.01360256332748927,0.006847855860242871,0.006759778502177764,,73.97337110481587,130563,0.006732940673828125,0.5242157285312178,0.013730884183321574,0.0001283208558323038
000000093,DocTamper,ADCD-Net,Light,BoxPatch,0.0029981136322021484,3.0,False,0.006647789285687027,0.4934844192634561,0.01311885289111804,0.006602736610696281,0.006625788729922213,,74.2328611898017,131021,0.006732940673828125,0.45517893780775565,0.0134892771326284,0.00037042424151035973
000000094,DocTamper,TruFor,Light,BoxPatch,0.003000974655151367,3.0,False,0.002144661624294971,0.47466216216216217,0.004270030011776773,0.0021395830478017877,0.0022128226007198425,,221.32263513513513,131023,0.00225830078125,0.9114252807455084,0.00509905542088105,0.0008290254091042771
000000094,DocTamper,CAFTB-Net,Light,BoxPatch,0.002000093460083008,3.0,False,0.0023479546875238228,0.5202702702702703,0.0046748121727252035,0.0023428823538360895,0.0025181112360311247,,221.58445945945945,131178,0.00225830078125,0.9821930754754823,0.007489160425699646,0.002814348252974442
000000094,DocTamper,ADCD-Net,Light,BoxPatch,0.001999378204345703,3.0,False,0.0021292508700164847,0.47128378378378377,0.0042393484470917165,0.0021241767863260878,0.0023693601830871718,,221.33783783783784,131032,0.00225830078125,0.9985504810009743,0.008307372793354103,0.004068024346262387
000000095,DocTamper,TruFor,Light,BoxPatch,0.0019969940185546875,3.0,False,0.007272893257358479,0.5087812666311868,0.014340788743380887,0.007222180252323034,0.007364641390851627,,69.95582756785524,131447,0.007167816162109375,0.7785813010672065,0.015127534445129367,0.0007867457017484807
000000095,DocTamper,CAFTB-Net,Light,BoxPatch,0.001999378204345703,3.0,False,0.007132667617689016,0.4976051091005854,0.014063745619180843,0.007081670213813423,0.0071370849789607615,,69.76423629590208,131087,0.007167816162109375,0.7935432198357595,0.014498187726534184,0.00043444210735334166
000000095,DocTamper,ADCD-Net,Light,BoxPatch,0.0019998550415039062,3.0,False,0.007064399981769291,0.494944119212347,0.013929975659988767,0.007013839134205664,0.007058047696045906,,70.06173496540713,131646,0.007167816162109375,0.32838111586922014,0.014481211441390912,0.000551235781402145
000000096,DocTamper,TruFor,Light,BoxPatch,0.002043008804321289,3.0,False,0.013572829912135393,0.49416342412451364,0.02642000074296965,0.013386840539991115,0.013383396763939697,,36.4082823790995,130997,0.01372528076171875,0.013572611493583131,0.027079731797695784,0.0006597310547261336
000000096,DocTamper,CAFTB-Net,Light,BoxPatch,0.0031976699829101562,3.0,False,0.013960418736150379,0.5077821011673151,0.027173751375792008,0.013774021607195363,0.013930264051465583,,36.37298499166204,130870,0.01372528076171875,0.3912955370171005,0.027475897259769892,0.00030214588397788414
000000096,DocTamper,ADCD-Net,Light,BoxPatch,0.005989789962768555,3.0,False,0.013807956376633394,0.5025013896609227,0.026877364591153367,0.013621740538992986,0.014090963008939496,,36.392162312395776,130939,0.01372528076171875,0.6251086130317093,0.027422303473491776,0.000544938882338409
000000097,DocTamper,TruFor,Light,BoxPatch,0.002615690231323242,3.0,False,0.010016822144058725,0.5073586367157242,0.019645776158126002,0.00992033441371581,0.010212858207096316,,50.650658404337726,130780,0.00984954833984375,0.7800665242015339,0.02055307048905,0.0009072943309239995
000000097,DocTamper,CAFTB-Net,Light,BoxPatch,0.0029997825622558594,3.0,False,0.009827484911606047,0.4988381099922541,0.019275233270728734,0.00973140417815723,0.009807835297447639,,50.759488768396594,131061,0.00984954833984375,0.33330172127486235,0.01989948842764744,0.0006242551569187078
000000097,DocTamper,ADCD-Net,Light,BoxPatch,0.0020151138305664062,3.0,False,0.010271594386489724,0.5213013168086754,0.020146232310305857,0.010175616320297558,0.010293024685824916,,50.75174283501162,131041,0.00984954833984375,0.5950765691673808,0.020439082169517668,0.0002928498592118106
000000098,DocTamper,TruFor,Light,Authentic,0.005518913269042969,3.0,True,,,,,,1.0,,131114,0.0,,,
000000098,DocTamper,CAFTB-Net,Light,Authentic,0.0029990673065185547,3.0,True,,,,,,1.0,,131609,0.0,,,
000000098,DocTamper,ADCD-Net,Light,Authentic,0.0025055408477783203,3.0,True,,,,,,1.0,,130788,0.0,,,
000000099,DocTamper,TruFor,Light,BoxPatch,0.0029833316802978516,3.0,False,0.0008693397593301508,0.4830508474576271,0.0017355560630280887,0.0008685317242640337,0.000865832632960276,,555.6525423728814,131134,0.0009002685546875,0.9532178556842099,0.0019178520057535559,0.0001822959427254672
000000099,DocTamper,CAFTB-Net,Light,BoxPatch,0.002999544143676758,3.0,False,0.0007945846003392266,0.4406779661016949,0.0015863089336648315,0.000793784060205468,0.0010833022174123199,,554.6016949152543,130886,0.0009002685546875,0.9999682207469927,0.008130081300813009,0.006543772367148178
000000099,DocTamper,ADCD-Net,Light,BoxPatch,0.0025072097778320312,3.0,False,0.0008159841378784413,0.4533898305084746,0.001629036432562459,0.0008151821970302989,0.0008468863726248575,,555.6355932203389,131130,0.0009002685546875,0.9659888298272608,0.002382757500270768,0.000753721067708309
