image_id,dataset,model,theme,tamper_type,width,height,eval_w,eval_h,scale,infer_ms,ocr_ms,peak_vram_mb,is_clean,P_05,R_05,F1_05,IoU_05,PR_AUC,AP,ROC_AUC,oracle_F1,tau_star,gt_area_px,gt_area_ratio,gt_area_ratio_native,pred_pixels_05,pred_area_ratio_img,area_ratio_05,fp_rate_outside_05,prob_mean,prob_p99,error
Copy-move_009ce58b310b8bfbbbfca687d63bf2a8,STFD,TruFor,Light,Copy-move,828,1792,828,1792,1.0,1545.6582000006165,0.0,2188.6611328125,False,0.0,0.0,0.0,0.0,0.03026947923072165,0.030273429573765206,0.7812040623855445,0.06874304871146364,0.04081632653061224,21220,0.014301350069013112,0.014301350069013112,7124,0.004801263802622498,0.3357210179076343,0.00487092460049393,0.04188837110996246,0.27473175525665283,
Insertion_01601bc6e402249be85408e27c8f9fc5,STFD,TruFor,Light,Insertion,1080,2340,961,2082,0.8896008544727063,14558.65679999988,0.0,2867.32763671875,False,0.0,0.0,0.0,0.0,0.000413526911435408,0.0004140832081400874,0.5117820085344582,0.0012969410515806569,0.16326530612244897,874,0.00043682483324187,0.00044199113643558085,378584,0.189216124334142,433.162471395881,0.18929881475733126,0.2911015450954437,0.8839679956436157,
Removal_00e160c33fdcf098c6a98a1b89ee99e9,STFD,TruFor,Light,Removal,1080,2340,961,2082,0.8896008544727063,14809.876499999518,0.0,2867.32763671875,False,0.0,0.0,0.0,0.0,0.001931265250076248,0.0019320072007622492,0.4950627763744542,0.0051353570637227425,0.08163265306122448,4189,0.002093660442162693,0.002157723963279519,28473,0.014230793451825818,6.797087610408212,0.014260650411471827,0.13376356661319733,0.550291121006012,
Replacement_0086660a792bf62730c1bb8cce734cda,STFD,TruFor,Light,Replacement,1080,2340,961,2082,0.8896008544727063,12324.599400000807,0.0,2867.32763671875,False,0.0,0.0,0.0,0.0,0.005734926173360591,0.005737541924951136,0.8361789834593799,0.014445218527857755,0.04081632653061224,4082,0.0020401818870632877,0.002031101614434948,13741,0.00686774603384043,3.3662420382165603,0.006881786129251973,0.03647790476679802,0.4775521159172058,
Splicing_03bb93c9e2cf0a8523ddd6520a89ccf8,STFD,TruFor,Light,Splicing,1080,2340,961,2082,0.8896008544727063,12069.760099999257,0.0,2867.32763671875,False,0.0,0.0,0.0,0.0,0.0156239790654247,0.01562559561210902,0.7807788831822572,0.034071898624027847,0.04081632653061224,14670,0.007332059844002555,0.007460826210826211,69443,0.03470758225951393,4.733674164962508,0.034963939959680425,0.06123308464884758,0.9273247718811035,
Copy-move_024b8babee5808ee8791179652fe09b2,STFD,TruFor,Light,Copy-move,1080,2340,961,2082,0.8896008544727063,12182.014199999685,0.0,2867.32763671875,False,0.0,0.0,0.0,0.0,0.001045474847762226,0.001046053228629914,0.4169390392959219,0.003307454065391487,0.061224489795918366,2677,0.001337963476645865,0.0013433839822728712,500611,0.25020516772774115,187.0044826298095,0.25054038160775727,0.3036192059516907,0.9874384999275208,
Insertion_055f2a90df87c256c6d21b22514b09b4,STFD,TruFor,Dark,Insertion,2340,1080,2082,961,0.8896008544727063,12547.89030000029,0.0,2867.32763671875,False,0.0005798951745940442,0.033033633033633034,0.0011397818328886806,0.000570215877293222,0.004613503299205345,0.004614164948928369,0.24590488154888568,0.014897185607622121,0.0,15015,0.007504490699229609,0.007243194048749605,855327,0.42749207567765324,56.964835164835165,0.43047466822977487,0.49006256461143494,0.9835062026977539,
Removal_01019babbd0e0d81bb5fe89a4c627434,STFD,TruFor,Light,Removal,1080,2400,949,2108,0.8784104611578831,15128.265299999839,0.0,2864.3486328125,False,0.0,0.0,0.0,0.0,0.0016711436163061725,0.0016719669876664532,0.20813011371256146,0.005919186600403335,0.02040816326530612,5475,0.002736826740621807,0.002758101851851852,223303,0.11162404048604044,40.78593607305936,0.11193037452813685,0.23420001566410065,0.9058231115341187,
Replacement_01f8d846db305c95b3ba1d7016cad44f,STFD,TruFor,Light,Replacement,1080,2400,949,2108,0.8784104611578831,16215.997100000095,0.0,2864.3486328125,False,0.38882282996432815,0.6830916687146719,0.4955649654557611,0.32940270206210004,0.35942279244780423,0.35953513109307456,0.991536312004746,0.542714657415438,0.6530612244897959,8138,0.004067999272179044,0.0040578703703703705,14297,0.007146741901492233,1.7568198574588352,0.004385766786424501,0.06781098991632462,0.3269607424736023,
Splicing_067cfe272d30598edf0fd675e8c6b87b,STFD,TruFor,Light,Splicing,1080,2340,961,2082,0.8896008544727063,17192.714500000875,0.0,2867.32763671875,False,0.12291835005222601,0.24006774398419306,0.16258876841897174,0.08848795828850452,0.168618780285987,0.16862559784553854,0.7726244370749153,0.2780348138388067,0.2857142857142857,155881,0.07790925838738666,0.07775522317188983,304446,0.15216198304479903,1.9530667624662403,0.14473465259488075,0.2669706642627716,0.9320908784866333,
Copy-move_02eb0cb9da173f7d40e5281738d85826,STFD,TruFor,Light,Copy-move,828,1792,828,1792,1.0,1537.163100001635,0.0,2188.6611328125,False,0.0,0.0,0.0,0.0,0.011734379717807376,0.011739502757839486,0.8212628934158714,0.016688237533307955,0.02040816326530612,6559,0.004420478562801932,0.004420478562801932,8630,0.005816241804692892,1.3157493520353714,0.005842066534571427,0.015867343172430992,0.12780147790908813,
Insertion_05b7cf2bf0691d2a0d182bb8e0cb1342,STFD,TruFor,Light,Insertion,1080,2340,961,2082,0.8896008544727063,15831.23440000054,0.0,2867.32763671875,False,0.0006797307603037237,0.007670720299345182,0.0012488006944550206,0.000624790466611807,0.010624753863825125,0.01062777146239346,0.8854565293802008,0.026364101262283442,0.08163265306122448,5345,0.0026714287570684158,0.0027093225704336817,60318,0.03014691108865345,11.284939195509823,0.03020711546277369,0.06600598245859146,0.9712843894958496,
Removal_03d151197ba22ae5b1e7db33d7199858,STFD,TruFor,Light,Removal,1125,2436,961,2081,0.8542797160427661,24488.899100000708,0.0,2867.2880859375,False,0.004283894073487379,0.13039832285115305,0.00829526889607575,0.004164908967946271,0.006977389597804009,0.00698054918865404,0.7999292253137312,0.019645368811824115,0.22448979591836732,4770,0.002385189622574995,0.0023933588761174966,145195,0.07260327196012083,30.439203354297693,0.07246509021483447,0.15991155803203583,0.9505467414855957,
Replacement_02d75e90a1f072a7e4b76dd2a80b953f,STFD,TruFor,Light,Replacement,1080,2340,961,2082,0.8896008544727063,21061.0729,0.0,2867.32763671875,False,0.022921757989611737,0.17120554055640333,0.04043050098061637,0.020632338378837177,0.021108817370565906,0.021111863268718844,0.7996656266742568,0.045871097683786506,0.6326530612244897,17038,0.008515585250314624,0.008525641025641026,127259,0.06360399479808597,7.469127831905153,0.06267983489971589,0.12193495780229568,0.9633021354675293,
Splicing_0a91a7d79de0bff44f90ad13f31d6c26,STFD,TruFor,Dark,Splicing,1080,2340,961,2082,0.8896008544727063,22288.66569999991,0.0,2867.32763671875,False,0.8118244195883072,0.4053597409302107,0.5407249733926,0.37054356686258527,0.42081035370547054,0.4208433867589395,0.9680511506690074,0.5437731196054254,0.44897959183673464,21307,0.010649229658906778,0.010745884773662551,10639,0.00531736773553805,0.4993194724738349,0.0010113690613009884,0.0363687127828598,0.36165788769721985,
Copy-move_03f1afccc57a6c41a901a3ff937ffd92,STFD,TruFor,Light,Copy-move,1125,2436,961,2081,0.8542797160427661,20828.250900000057,0.0,2867.2880859375,False,0.0,0.0,0.0,0.0,0.001005356862582942,0.0010062467839333702,0.663747211541514,0.0033280042537686327,0.08163265306122448,1454,0.0007270578010951871,0.0007283342455756249,277979,0.13900055054376823,191.18225584594222,0.1391016855093633,0.1825622022151947,0.9580067992210388,
Insertion_06ed95162505f40cded6380200e747be,STFD,TruFor,Dark,Insertion,1080,2340,961,2082,0.8896008544727063,23429.434200001197,0.0,2867.32763671875,False,0.01973720756329452,0.7011232544019429,0.03839360300565638,0.019572531505038265,0.023915004034873982,0.023923700594219735,0.8954605262429186,0.06435812303536036,0.7959183673469387,6588,0.003292679635466178,0.003291389680278569,234025,0.11696559679568493,35.522920461445054,0.11503579856524927,0.28218209743499756,0.8940591216087341,
Removal_0688f1f7ea3d5001a6e53f7f471d9567,STFD,TruFor,Light,Removal,1668,2224,1225,1633,0.7342595152227752,21427.60509999971,0.0,2867.2373046875,False,0.0,0.0,0.0,0.0,0.0020700412469797673,0.0020714686664375375,0.30796641257970525,0.006425672949825994,0.02040816326530612,6395,0.0031968206756064336,0.003170664906923382,103384,0.05168101778372096,16.166379984362784,0.051846762586320164,0.12158855050802231,0.9273119568824768,
Replacement_038acd37ab42f2c765f383d057a4449a,STFD,TruFor,Dark,Replacement,1080,2340,961,2082,0.8896008544727063,22073.171800000637,0.0,2867.32763671875,False,0.04126754879680564,0.21692530981355365,0.0693433261955746,0.03591696397212415,0.025833407889305236,0.025839989114508948,0.8966355908210817,0.07370021593856611,0.4693877551020408,8957,0.004476704841358615,0.004487179487179487,47083,0.023532063642479367,5.256559115775371,0.022662405960303136,0.20529280602931976,0.5665925741195679,
Splicing_0b77b1d80fc44728edca27fbee61150b,STFD,TruFor,Light,Splicing,1080,2340,961,2082,0.8896008544727063,21434.436800000185,0.0,2867.32763671875,False,0.18030418897102557,0.4441932512768986,0.25649393818520266,0.14711387806602794,0.2933081924118195,0.2933414027672528,0.8077481766964926,0.3723169919573792,0.8571428571428571,23886,0.011938212776676553,0.012060383032605254,58845,0.029410706306770985,2.4635769907058527,0.024399114580487994,0.22022919356822968,0.8088719844818115,
Copy-move_009ce58b310b8bfbbbfca687d63bf2a8,STFD,CAFTB-Net,Light,Copy-move,828,1792,828,1792,1.0,2173.438100000567,0.0,1470.7626953125,False,0.05529876685559909,0.7774740810556079,0.10325350556854204,0.05443716694438487,0.14373275881924719,0.061907591966184214,0.8270416020984362,0.13015742132258737,0.9795918367346939,21220,0.014301350069013112,0.014301350069013112,298343,0.2010701076173223,14.05951932139491,0.19270715104242161,0.2005663812160492,0.9999994039535522,
Insertion_01601bc6e402249be85408e27c8f9fc5,STFD,CAFTB-Net,Light,Insertion,1080,2340,961,2082,0.8896008544727063,3286.496700000498,0.0,1470.7626953125,False,0.004112028649063452,0.9748283752860412,0.008189512233804807,0.004111592083737495,0.19629394465786626,0.008349912979748174,0.9647743365671919,0.030115622479161063,1.0,874,0.00043682483324187,0.00044199113643558085,207197,0.10355697365356492,237.0675057208238,0.10317621434371638,0.10452500730752945,0.9999974966049194,
Removal_00e160c33fdcf098c6a98a1b89ee99e9,STFD,CAFTB-Net,Light,Removal,1080,2340,961,2082,0.8896008544727063,3230.9943000000203,0.0,1470.7626953125,False,0.0,0.0,0.0,0.0,0.0017288795236806167,0.0020105235780142343,0.47906380649231767,0.004178572372644067,0.0,4189,0.002093660442162693,0.002157723963279519,151587,0.0757631189892853,36.18691811888279,0.07592207403237383,0.07559413462877274,0.9999986290931702,
Replacement_0086660a792bf62730c1bb8cce734cda,STFD,CAFTB-Net,Light,Replacement,1080,2340,961,2082,0.8896008544727063,3367.4002999996446,0.0,1470.7626953125,False,0.024538053575651118,0.8897599216070554,0.047758995903929735,0.024463678308018724,0.12247953133264182,0.026944285344578933,0.9514471307049391,0.057491810865008576,0.9795918367346939,4082,0.0020401818870632877,0.002031101614434948,148015,0.07397783488820983,36.260411562959334,0.07231008854521415,0.07363668829202652,0.9999972581863403,
Splicing_03bb93c9e2cf0a8523ddd6520a89ccf8,STFD,CAFTB-Net,Light,Splicing,1080,2340,961,2082,0.8896008544727063,3350.1393999995344,0.0,1470.7626953125,False,0.07484155442905883,0.9973415132924336,0.1392347844292287,0.07482662684368799,0.3896587543601226,0.1847796212849701,0.9808259942402446,0.1993338987608862,0.9795918367346939,14670,0.007332059844002555,0.007460826210826211,195493,0.09770731936493467,13.326039536468985,0.09106242686790203,0.09664765745401382,0.9999983310699463,
Copy-move_024b8babee5808ee8791179652fe09b2,STFD,CAFTB-Net,Light,Copy-move,1080,2340,961,2082,0.8896008544727063,3116.1222999999154,0.0,1470.7626953125,False,0.009146246536102376,0.43892416884572283,0.017919097182507913,0.009040547818727398,0.005860323521480528,0.005821100566905338,0.8755955426553824,0.01766137832619827,0.5102040816326531,2677,0.001337963476645865,0.0013433839822728712,128468,0.06420825249075121,47.98954053044453,0.06370622458554895,0.07048556208610535,0.9998791813850403,
Insertion_055f2a90df87c256c6d21b22514b09b4,STFD,CAFTB-Net,Dark,Insertion,2340,1080,2082,961,0.8896008544727063,3039.0380999997433,0.0,1470.7626953125,False,0.11270334007122919,0.6238428238428239,0.1909158539443782,0.10553177106804867,0.15406894332495552,0.10267155681259911,0.8333396266582453,0.21849326024050836,0.9795918367346939,15015,0.007504490699229609,0.007243194048749605,83112,0.04153934272356785,5.535264735264735,0.03713640989693255,0.045185212045907974,0.9999585151672363,
Removal_01019babbd0e0d81bb5fe89a4c627434,STFD,CAFTB-Net,Light,Removal,1080,2400,949,2108,0.8784104611578831,3233.6751999991975,0.0,1470.7626953125,False,0.0,0.0,0.0,0.0,0.001760833539725942,0.0024012982098136943,0.37310426338180486,0.005458713926998799,0.0,5475,0.002736826740621807,0.002758101851851852,218757,0.1093515995065214,39.95561643835617,0.10965169720358273,0.10937673598527908,0.9999976754188538,
Replacement_01f8d846db305c95b3ba1d7016cad44f,STFD,CAFTB-Net,Light,Replacement,1080,2400,949,2108,0.8784104611578831,3194.4211999998515,0.0,1470.7626953125,False,0.06751452747476808,0.9765298599164414,0.1262972204122499,0.06740515186727623,0.3842579509621946,0.15622957536109927,0.986007691756778,0.1764856338988831,1.0,8138,0.004067999272179044,0.0040578703703703705,117708,0.058839525476732726,14.463996067829934,0.05509111332624624,0.06223909929394722,0.9999967813491821,
Splicing_067cfe272d30598edf0fd675e8c6b87b,STFD,CAFTB-Net,Light,Splicing,1080,2340,961,2082,0.8896008544727063,3165.698300001168,0.0,1470.7626953125,False,0.4074315439131396,0.22460081729011233,0.289572064248259,0.16929802080260734,0.3807937233218479,0.34845050167756086,0.8739869019629958,0.36201455550316075,0.02040816326530612,155881,0.07790925838738666,0.07775522317188983,85931,0.04294827774062601,0.5512602562210918,0.027600097781964646,0.04417707398533821,0.9999827742576599,
Copy-move_02eb0cb9da173f7d40e5281738d85826,STFD,CAFTB-Net,Light,Copy-move,828,1792,828,1792,1.0,2409.9874000003183,0.0,1470.7626953125,False,0.016270577449615537,0.8036286019210246,0.031895388450855926,0.016206144868361583,0.11299945852675473,0.015150207231656228,0.8555351235374861,0.048435001142334934,1.0,6559,0.004420478562801932,0.004420478562801932,323959,0.21833416903899242,49.39152309803324,0.21573539974154102,0.2183452844619751,0.9999996423721313,
Insertion_05b7cf2bf0691d2a0d182bb8e0cb1342,STFD,CAFTB-Net,Light,Insertion,1080,2340,961,2082,0.8896008544727063,3251.9004000005225,0.0,1470.7626953125,False,0.019410093248489215,0.9981290926099158,0.038079671094424734,0.01940938708539039,0.27270855512246156,0.039829386061742245,0.9657386028790966,0.05735167622710562,0.9795918367346939,5345,0.0026714287570684158,0.0027093225704336817,274857,0.13737341326128222,51.423199251637044,0.1350678065225159,0.14651140570640564,0.9999996423721313,
Removal_03d151197ba22ae5b1e7db33d7199858,STFD,CAFTB-Net,Light,Removal,1125,2436,961,2081,0.8542797160427661,3274.6516000006523,0.0,1470.7626953125,False,5.60374080830848e-05,0.0037735849056603774,0.00011043486796898009,5.522048311787119e-05,0.003243645328930578,0.00308899456640918,0.6399959601381001,0.004759028060805812,0.0,4770,0.002385189622574995,0.0023933588761174966,321214,0.1606197692716571,67.34046121593292,0.1609947716146443,0.15759791433811188,0.9999986290931702,
Replacement_02d75e90a1f072a7e4b76dd2a80b953f,STFD,CAFTB-Net,Light,Replacement,1080,2340,961,2082,0.8896008544727063,3399.6793999995134,0.0,1470.7626953125,False,0.19877419746343833,0.9612630590444888,0.329427855943198,0.19719463006441515,0.3535821492567225,0.26396992160217597,0.9800760214335815,0.40196679404744823,0.9795918367346939,17038,0.008515585250314624,0.008525641025641026,82395,0.041180986424443795,4.835954924286888,0.033278656130467134,0.04543885588645935,0.9999894499778748,
Splicing_0a91a7d79de0bff44f90ad13f31d6c26,STFD,CAFTB-Net,Dark,Splicing,1080,2340,961,2082,0.8896008544727063,3433.2377999999153,0.0,1470.7626953125,False,0.19247547286928635,0.5239123292814568,0.2815242610713205,0.1638220748154562,0.24444996284380427,0.16715453292699756,0.817917133530449,0.31903090327838024,0.9387755102040816,21307,0.010649229658906778,0.010745884773662551,57997,0.02898687626261869,2.7219693058619234,0.0236595697387465,0.03534984961152077,0.9999497532844543,
Copy-move_03f1afccc57a6c41a901a3ff937ffd92,STFD,CAFTB-Net,Light,Copy-move,1125,2436,961,2081,0.8542797160427661,3322.1719000011944,0.0,1470.7626953125,False,0.005241194296785732,0.8707015130674003,0.010419667327840923,0.0052371181785087866,0.16186181449910414,0.005473556207350921,0.9194937432995693,0.024789856104858243,1.0,1454,0.0007270578010951871,0.0007283342455756249,241548,0.12078360229638256,166.12654745529574,0.12023797192435699,0.12464934587478638,0.999999463558197,
Insertion_06ed95162505f40cded6380200e747be,STFD,CAFTB-Net,Dark,Insertion,1080,2340,961,2082,0.8896008544727063,3027.1369999991293,0.0,1470.7626953125,False,0.0638294894760412,0.6923193685488768,0.11688278407052431,0.062068777812555286,0.2669172326987129,0.08495319733482529,0.9734946890638161,0.1299681142497867,0.9795918367346939,6588,0.003292679635466178,0.003291389680278569,71456,0.035713678814795265,10.846387370977535,0.03354454436685331,0.03603501617908478,0.9999954104423523,
Removal_0688f1f7ea3d5001a6e53f7f471d9567,STFD,CAFTB-Net,Light,Removal,1668,2224,1225,1633,0.7342595152227752,3010.2187000011327,0.0,1470.7626953125,False,0.0033837237770542603,0.14480062548866302,0.006612915895992973,0.0033174268804723214,0.008734047850749948,0.006908007737237278,0.7876350045229028,0.01403896947989988,0.02040816326530612,6395,0.0031968206756064336,0.003170664906923382,273663,0.1368024294837347,42.79327599687256,0.13677677868437285,0.13874679803848267,0.9999997019767761,
Replacement_038acd37ab42f2c765f383d057a4449a,STFD,CAFTB-Net,Dark,Replacement,1080,2340,961,2082,0.8896008544727063,2822.0042000011745,0.0,1470.7626953125,False,0.02990747779652532,0.36016523389527744,0.05522885048320965,0.02839863728795655,0.02692617478851711,0.02692883217081219,0.9243129872998312,0.06551903045138288,0.3469387755102041,8957,0.004476704841358615,0.004487179487179487,107866,0.05391138153600406,12.042648208105392,0.05253420823407444,0.057848285883665085,0.9996855854988098,
Splicing_0b77b1d80fc44728edca27fbee61150b,STFD,CAFTB-Net,Light,Splicing,1080,2340,961,2082,0.8896008544727063,3013.291499999468,0.0,1470.7626953125,False,0.03263927390706175,0.5323620530854895,0.06150750463144351,0.03172955519734905,0.13415728288367912,0.06022461972860158,0.7961692307143085,0.12309116642368391,0.9795918367346939,23886,0.011938212776676553,0.012060383032605254,389592,0.19471791811483596,16.310474755086663,0.19063834781042796,0.18936793506145477,0.999998152256012,
Copy-move_009ce58b310b8bfbbbfca687d63bf2a8,STFD,ADCD-Net,Light,Copy-move,828,1792,828,1792,1.0,731390.186300001,29761.577900000702,3067.55224609375,False,0.0,0.0,0.0,0.0,0.06335370982342464,0.0633363598348059,0.8342076746283892,0.14842992962230822,0.08163265306122448,21220,0.014301350069013112,0.014301350069013112,1986,0.001338476966873706,0.0935909519321395,0.001357896723270767,0.073240727186203,0.26772430539131165,
Insertion_01601bc6e402249be85408e27c8f9fc5,STFD,ADCD-Net,Light,Insertion,1080,2340,961,2082,0.8896008544727063,200717.8120000008,10328.492600001482,3067.55224609375,False,0.0,0.0,0.0,0.0,0.004306078835799705,0.004315260468903974,0.9152764728363173,0.01576928165101204,0.3061224489795918,874,0.00043682483324187,0.00044199113643558085,13607,0.006800772890071081,15.568649885583524,0.006803744934817653,0.07927919179201126,0.4282791018486023,
Removal_00e160c33fdcf098c6a98a1b89ee99e9,STFD,ADCD-Net,Light,Removal,1080,2340,961,2082,0.8896008544727063,259715.58589999948,9174.797799998487,3067.55224609375,False,0.0,0.0,0.0,0.0,0.0026249367495573767,0.00264635091662921,0.5726971880639711,0.010453526146605161,0.08163265306122448,4189,0.002093660442162693,0.002157723963279519,21191,0.010591252907584059,5.058725232752447,0.01061347391808027,0.07472270727157593,0.5181460976600647,
Replacement_0086660a792bf62730c1bb8cce734cda,STFD,ADCD-Net,Light,Replacement,1080,2340,961,2082,0.8896008544727063,342910.37449999934,23766.228200000114,3067.55224609375,False,0.08841245533435427,0.636452719255267,0.15525741775480326,0.08416210437655901,0.4054394849012887,0.4055503240397615,0.9415420240689095,0.4972016609496299,0.8775510204081632,4082,0.0020401818870632877,0.002031101614434948,29385,0.014686610669121683,7.198677119059285,0.013415501422332625,0.1005813404917717,0.5560911297798157,
Splicing_03bb93c9e2cf0a8523ddd6520a89ccf8,STFD,ADCD-Net,Light,Splicing,1080,2340,961,2082,0.8896008544727063,358849.2662999997,20298.444899999595,3067.55224609375,False,0.2894774568131317,0.5505794137695978,0.3794512825331203,0.23414987679373822,0.25879553427880475,0.25882887992632153,0.9887383347899844,0.41046765204749214,0.36734693877551017,14670,0.007332059844002555,0.007460826210826211,27902,0.013945407891435535,1.901976823449216,0.009981713199324114,0.0817188024520874,0.6022260785102844,
Copy-move_024b8babee5808ee8791179652fe09b2,STFD,ADCD-Net,Light,Copy-move,1080,2340,961,2082,0.8896008544727063,360409.01909999957,16631.480099998953,3067.55224609375,False,0.10946882217090069,0.35412775494957044,0.1672400105848108,0.09125036095870633,0.18042851321133568,0.18069952709643822,0.7351776959371581,0.39793014230271667,0.8979591836734693,2677,0.001337963476645865,0.0013433839822728712,8660,0.004328264365989238,3.2349645125140083,0.0038596183922427274,0.07699290663003922,0.3252079486846924,
Insertion_055f2a90df87c256c6d21b22514b09b4,STFD,ADCD-Net,Dark,Insertion,2340,1080,2082,961,0.8896008544727063,340569.97019999835,15447.912699999506,3067.55224609375,False,0.23463496001026474,0.36536796536796534,0.28575893322221063,0.16669705256760864,0.14995994303695004,0.15000537673452996,0.8315364520582905,0.30744081855058425,0.5510204081632653,15015,0.007504490699229609,0.007243194048749605,23381,0.011685813988590575,1.557176157176157,0.00901154051265317,0.09627404063940048,0.5138794779777527,
Removal_01019babbd0e0d81bb5fe89a4c627434,STFD,ADCD-Net,Light,Removal,1080,2400,949,2108,0.8784104611578831,24387.596699999987,6994.014600000014,3066.36865234375,False,0.0,0.0,0.0,0.0,0.002181321231435958,0.0023584014202328984,0.38911917965986687,0.005794621839510651,0.08163265306122448,5475,0.002736826740621807,0.002758101851851852,13180,0.006588379258702359,2.4073059360730595,0.006606459995077736,0.09042106568813324,0.4495151937007904,
Replacement_01f8d846db305c95b3ba1d7016cad44f,STFD,ADCD-Net,Light,Replacement,1080,2400,949,2108,0.8784104611578831,23484.368399999992,6028.893000000011,3066.36865234375,False,0.18804552754695902,0.33091668714671907,0.23981477358742598,0.13624405544875037,0.1922988040203772,0.19245282481644488,0.9809364882826872,0.29067827111212907,0.4081632653061224,8138,0.004067999272179044,0.0040578703703703705,14321,0.0071587389502182465,1.7597689850086016,0.0058363122216232655,0.07689826190471649,0.44081059098243713,
Splicing_067cfe272d30598edf0fd675e8c6b87b,STFD,ADCD-Net,Light,Splicing,1080,2340,961,2082,0.8896008544727063,23589.484700000015,6018.16500000001,3066.36865234375,False,0.23859720251368335,0.0981582104297509,0.1390936775601109,0.07474512600813839,0.1175914702304997,0.11760132120203466,0.5761874903284387,0.2214655678397479,0.26530612244897955,155881,0.07790925838738666,0.07775522317188983,64129,0.032051647289436935,0.4113971555224819,0.026466173890372542,0.10843846946954727,0.8698188662528992,
Copy-move_02eb0cb9da173f7d40e5281738d85826,STFD,ADCD-Net,Light,Copy-move,828,1792,828,1792,1.0,19319.79369999999,6087.472100000014,3066.36865234375,False,0.0,0.0,0.0,0.0,0.014299744072141447,0.014302624514613787,0.7880245557960446,0.042554920340114336,0.08163265306122448,6559,0.004420478562801932,0.004420478562801932,461,0.0003106937974465148,0.07028510443665192,0.0003120733108270484,0.07274804264307022,0.21887055039405823,
Insertion_05b7cf2bf0691d2a0d182bb8e0cb1342,STFD,ADCD-Net,Light,Insertion,1080,2340,961,2082,0.8896008544727063,23562.10229999999,6072.156300000017,3066.36865234375,False,0.001671599254631152,0.011412535079513564,0.0029160790687668813,0.0014601685178092685,0.0062554987622686145,0.006261629129634655,0.7683269313786023,0.024225626812431032,0.32653061224489793,5345,0.0026714287570684158,0.0027093225704336817,36492,0.018238686286798995,6.827315247895229,0.018256970708965415,0.10510601103305817,0.6020789742469788,
Removal_03d151197ba22ae5b1e7db33d7199858,STFD,ADCD-Net,Light,Removal,1125,2436,961,2081,0.8542797160427661,23788.67869999999,6127.9992999999995,3066.36865234375,False,0.0,0.0,0.0,0.0,0.0022466514205307683,0.0024223638104011215,0.44148015047234856,0.004759028060805812,0.0,4770,0.002385189622574995,0.0023933588761174966,11109,0.00555494161785862,2.328930817610063,0.005568222885300824,0.0800880491733551,0.4381706118583679,
Replacement_02d75e90a1f072a7e4b76dd2a80b953f,STFD,ADCD-Net,Light,Replacement,1080,2340,961,2082,0.8896008544727063,23707.565699999974,6155.454099999986,3066.36865234375,False,0.1446974989520749,0.6078178189928395,0.23374864572047668,0.13234166538874406,0.1406415696092957,0.14067418768281778,0.8942618817043555,0.25767006638420026,0.6530612244897959,17038,0.008515585250314624,0.008525641025641026,71570,0.03577065596695725,4.2006104002817235,0.030857501194698562,0.10068058222532272,0.8429186940193176,
Splicing_0a91a7d79de0bff44f90ad13f31d6c26,STFD,ADCD-Net,Dark,Splicing,1080,2340,961,2082,0.8896008544727063,23511.465999999986,6024.184800000001,3066.36865234375,False,0.010365895517265052,0.014173745717369879,0.011974385916218949,0.006023255350126648,0.03202487410441822,0.032026718856680125,0.8173756957948306,0.07435422045793191,0.1020408163265306,21307,0.010649229658906778,0.010745884773662551,29134,0.014561160974449245,1.3673440653306426,0.01456533105665839,0.10201165825128555,0.5457508563995361,
Copy-move_03f1afccc57a6c41a901a3ff937ffd92,STFD,ADCD-Net,Light,Copy-move,1125,2436,961,2081,0.8542797160427661,23870.903499999997,6167.767000000026,3066.36865234375,False,0.0,0.0,0.0,0.0,0.0012945362204069054,0.001296053071819185,0.7334066743948664,0.0035879372534086463,0.1020408163265306,1454,0.0007270578010951871,0.0007283342455756249,23656,0.01182894040076186,16.269601100412654,0.011837546981640693,0.09979161620140076,0.5251496434211731,
Insertion_06ed95162505f40cded6380200e747be,STFD,ADCD-Net,Dark,Insertion,1080,2340,961,2082,0.8896008544727063,23760.55919999999,6135.059800000022,3066.36865234375,False,0.06746499921346547,0.5207953855494839,0.11945546967481371,0.06352174476514913,0.05752747298650546,0.057549764960632445,0.9539735723587379,0.11954566966398486,0.4693877551020408,6588,0.003292679635466178,0.003291389680278569,50856,0.025417807459208856,7.719489981785064,0.023781299298871635,0.09619898349046707,0.6367204189300537,
Removal_0688f1f7ea3d5001a6e53f7f471d9567,STFD,ADCD-Net,Light,Removal,1668,2224,1225,1633,0.7342595152227752,27261.14899999999,9637.685899999951,3066.36865234375,False,0.0,0.0,0.0,0.0,0.002733511258851818,0.0028445448039324797,0.42084260046339966,0.006373267158987852,0.0,6395,0.0031968206756064336,0.003170664906923382,4705,0.0023520001999575092,0.7357310398749023,0.002359543236561135,0.06961958110332489,0.2546598017215729,
Replacement_038acd37ab42f2c765f383d057a4449a,STFD,ADCD-Net,Dark,Replacement,1080,2340,961,2082,0.8896008544727063,23528.891799999998,6100.570199999993,3066.36865234375,False,0.02280081270223493,0.13531316288936027,0.03902564680501666,0.01990115104842285,0.033123065699887856,0.033135318062578106,0.9290071453131431,0.08377161809997631,0.673469387755102,8957,0.004476704841358615,0.004487179487179487,53156,0.026567346494055885,5.934576309032042,0.026078334408550865,0.10426745563745499,0.6199849247932434,
Splicing_0b77b1d80fc44728edca27fbee61150b,STFD,ADCD-Net,Light,Splicing,1080,2340,961,2082,0.8896008544727063,23751.158499999976,6094.785199999989,3066.36865234375,False,0.15280365296803652,0.5253705099221301,0.2367490166114837,0.1342684727482827,0.18216287292521366,0.18219152682329215,0.8776122577606273,0.38053037248310756,0.8163265306122448,23886,0.011938212776676553,0.012060383032605254,82125,0.04104604053774436,3.4382064807837227,0.03519421159017379,0.12106091529130936,0.8849195241928101,
